"","transmission","dispersal","nExtantDis","nPathogens","meanK","maxDistance","nEvents","colonySize","colonyNumber","pop","area","dens"
"1",0.1,0.01,1,2,19,100,1e+06,100,20,2000,2500,0.8
"2",0.2,0.01,1,2,19,100,1e+06,100,20,2000,2500,0.8
"3",0.3,0.01,1,2,19,100,1e+06,100,20,2000,2500,0.8
"4",0.1,0.01,2,2,19,100,1e+06,100,20,2000,2500,0.8
"5",0.2,0.01,1,2,19,100,1e+06,100,20,2000,2500,0.8
"6",0.3,0.01,1,2,19,100,1e+06,100,20,2000,2500,0.8
"7",0.1,0.01,1,2,19,100,1e+06,100,20,2000,2500,0.8
"8",0.2,0.01,1,2,19,100,1e+06,100,20,2000,2500,0.8
"9",0.3,0.01,1,2,19,100,1e+06,100,20,2000,2500,0.8
"10",0.1,0.01,1,2,19,100,1e+06,100,20,2000,2500,0.8
"11",0.2,0.01,1,2,19,100,1e+06,100,20,2000,2500,0.8
"12",0.3,0.01,1,2,19,100,1e+06,100,20,2000,2500,0.8
"13",0.1,0.01,1,2,19,100,1e+06,100,20,2000,2500,0.8
"14",0.2,0.01,1,2,19,100,1e+06,100,20,2000,2500,0.8
"15",0.3,0.01,0,2,19,100,1e+06,100,20,2000,2500,0.8
"16",0.1,0.01,1,2,19,100,1e+06,100,20,2000,2500,0.8
"17",0.2,0.01,1,2,19,100,1e+06,100,20,2000,2500,0.8
"18",0.3,0.01,1,2,19,100,1e+06,100,20,2000,2500,0.8
"19",0.1,0.01,1,2,19,100,1e+06,100,20,2000,2500,0.8
"20",0.2,0.01,1,2,19,100,1e+06,100,20,2000,2500,0.8
"21",0.3,0.01,1,2,19,100,1e+06,100,20,2000,2500,0.8
"22",0.1,0.01,1,2,19,100,1e+06,100,20,2000,2500,0.8
"23",0.2,0.01,1,2,19,100,1e+06,100,20,2000,2500,0.8
"24",0.3,0.01,1,2,19,100,1e+06,100,20,2000,2500,0.8
"25",0.1,0.01,1,2,19,100,1e+06,100,20,2000,2500,0.8
"26",0.2,0.01,1,2,19,100,1e+06,100,20,2000,2500,0.8
"27",0.3,0.01,0,2,19,100,1e+06,100,20,2000,2500,0.8
"28",0.1,0.01,0,2,19,100,1e+06,100,20,2000,2500,0.8
"29",0.2,0.01,1,2,19,100,1e+06,100,20,2000,2500,0.8
"30",0.3,0.01,1,2,19,100,1e+06,100,20,2000,2500,0.8
"31",0.1,0.01,1,2,19,100,1e+06,100,20,2000,2500,0.8
"32",0.2,0.01,1,2,19,100,1e+06,100,20,2000,2500,0.8
"33",0.3,0.01,0,2,19,100,1e+06,100,20,2000,2500,0.8
"34",0.1,0.01,1,2,19,100,1e+06,100,20,2000,2500,0.8
"35",0.2,0.01,1,2,19,100,1e+06,100,20,2000,2500,0.8
"36",0.3,0.01,1,2,19,100,1e+06,100,20,2000,2500,0.8
"37",0.1,0.01,1,2,19,100,1e+06,100,20,2000,2500,0.8
"38",0.2,0.01,1,2,19,100,1e+06,100,20,2000,2500,0.8
"39",0.3,0.01,1,2,19,100,1e+06,100,20,2000,2500,0.8
"40",0.1,0.01,1,2,19,100,1e+06,100,20,2000,2500,0.8
"41",0.2,0.01,0,2,19,100,1e+06,100,20,2000,2500,0.8
"42",0.3,0.01,1,2,19,100,1e+06,100,20,2000,2500,0.8
"43",0.1,0.01,1,2,19,100,1e+06,100,20,2000,2500,0.8
"44",0.2,0.01,1,2,19,100,1e+06,100,20,2000,2500,0.8
"45",0.3,0.01,1,2,19,100,1e+06,100,20,2000,2500,0.8
"46",0.1,0.01,1,2,19,100,1e+06,100,20,2000,2500,0.8
"47",0.2,0.01,1,2,19,100,1e+06,100,20,2000,2500,0.8
"48",0.3,0.01,1,2,19,100,1e+06,100,20,2000,2500,0.8
"49",0.1,0.01,1,2,19,100,1e+06,100,20,2000,2500,0.8
"50",0.2,0.01,2,2,19,100,1e+06,100,20,2000,2500,0.8
"51",0.3,0.01,0,2,19,100,1e+06,100,20,2000,2500,0.8
"52",0.1,0.01,1,2,19,100,1e+06,100,20,2000,2500,0.8
"53",0.2,0.01,1,2,19,100,1e+06,100,20,2000,2500,0.8
"54",0.3,0.01,1,2,19,100,1e+06,100,20,2000,2500,0.8
"55",0.1,0.01,1,2,19,100,1e+06,100,20,2000,2500,0.8
"56",0.2,0.01,1,2,19,100,1e+06,100,20,2000,2500,0.8
"57",0.3,0.01,1,2,19,100,1e+06,100,20,2000,2500,0.8
"58",0.1,0.01,1,2,19,100,1e+06,100,20,2000,2500,0.8
"59",0.2,0.01,1,2,19,100,1e+06,100,20,2000,2500,0.8
"60",0.3,0.01,1,2,19,100,1e+06,100,20,2000,2500,0.8
"61",0.1,0.01,1,2,19,100,1e+06,100,20,2000,2500,0.8
"62",0.2,0.01,1,2,19,100,1e+06,100,20,2000,2500,0.8
"63",0.3,0.01,1,2,19,100,1e+06,100,20,2000,2500,0.8
"64",0.1,0.01,1,2,19,100,1e+06,100,20,2000,2500,0.8
"65",0.2,0.01,1,2,19,100,1e+06,100,20,2000,2500,0.8
"66",0.3,0.01,1,2,19,100,1e+06,100,20,2000,2500,0.8
"67",0.1,0.01,1,2,19,100,1e+06,100,20,2000,2500,0.8
"68",0.2,0.01,1,2,19,100,1e+06,100,20,2000,2500,0.8
"69",0.3,0.01,1,2,19,100,1e+06,100,20,2000,2500,0.8
"70",0.1,0.01,1,2,19,100,1e+06,100,20,2000,2500,0.8
"71",0.2,0.01,0,2,19,100,1e+06,100,20,2000,2500,0.8
"72",0.3,0.01,1,2,19,100,1e+06,100,20,2000,2500,0.8
"73",0.1,0.01,1,2,19,100,1e+06,100,20,2000,2500,0.8
"74",0.2,0.01,1,2,19,100,1e+06,100,20,2000,2500,0.8
"75",0.3,0.01,1,2,19,100,1e+06,100,20,2000,2500,0.8
"76",0.1,0.01,1,2,19,100,1e+06,100,20,2000,2500,0.8
"77",0.2,0.01,1,2,19,100,1e+06,100,20,2000,2500,0.8
"78",0.3,0.01,1,2,19,100,1e+06,100,20,2000,2500,0.8
"79",0.1,0.01,1,2,19,100,1e+06,100,20,2000,2500,0.8
"80",0.2,0.01,1,2,19,100,1e+06,100,20,2000,2500,0.8
"81",0.3,0.01,1,2,19,100,1e+06,100,20,2000,2500,0.8
"82",0.1,0.01,1,2,19,100,1e+06,100,20,2000,2500,0.8
"83",0.2,0.01,1,2,19,100,1e+06,100,20,2000,2500,0.8
"84",0.3,0.01,1,2,19,100,1e+06,100,20,2000,2500,0.8
"85",0.1,0.01,1,2,19,100,1e+06,100,20,2000,2500,0.8
"86",0.2,0.01,1,2,19,100,1e+06,100,20,2000,2500,0.8
"87",0.3,0.01,1,2,19,100,1e+06,100,20,2000,2500,0.8
"88",0.1,0.01,1,2,19,100,1e+06,100,20,2000,2500,0.8
"89",0.2,0.01,1,2,19,100,1e+06,100,20,2000,2500,0.8
"90",0.3,0.01,1,2,19,100,1e+06,100,20,2000,2500,0.8
"91",0.1,0.01,1,2,19,100,1e+06,100,20,2000,2500,0.8
"92",0.2,0.01,1,2,19,100,1e+06,100,20,2000,2500,0.8
"93",0.3,0.01,1,2,19,100,1e+06,100,20,2000,2500,0.8
"94",0.1,0.01,1,2,19,100,1e+06,100,20,2000,2500,0.8
"95",0.2,0.01,1,2,19,100,1e+06,100,20,2000,2500,0.8
"96",0.3,0.01,1,2,19,100,1e+06,100,20,2000,2500,0.8
"97",0.1,0.01,1,2,19,100,1e+06,100,20,2000,2500,0.8
"98",0.2,0.01,1,2,19,100,1e+06,100,20,2000,2500,0.8
"99",0.3,0.01,2,2,19,100,1e+06,100,20,2000,2500,0.8
"100",0.1,0.01,1,2,19,100,1e+06,100,20,2000,2500,0.8
"101",0.2,0.01,1,2,19,100,1e+06,100,20,2000,2500,0.8
"102",0.3,0.01,1,2,19,100,1e+06,100,20,2000,2500,0.8
"103",0.1,0.01,1,2,19,100,1e+06,100,20,2000,2500,0.8
"104",0.2,0.01,1,2,19,100,1e+06,100,20,2000,2500,0.8
"105",0.3,0.01,1,2,19,100,1e+06,100,20,2000,2500,0.8
"106",0.1,0.01,1,2,19,100,1e+06,100,20,2000,2500,0.8
"107",0.2,0.01,1,2,19,100,1e+06,100,20,2000,2500,0.8
"108",0.3,0.01,1,2,19,100,1e+06,100,20,2000,2500,0.8
"109",0.1,0.01,1,2,19,100,1e+06,100,20,2000,2500,0.8
"110",0.2,0.01,1,2,19,100,1e+06,100,20,2000,2500,0.8
"111",0.3,0.01,1,2,19,100,1e+06,100,20,2000,2500,0.8
"112",0.1,0.01,2,2,19,100,1e+06,100,20,2000,2500,0.8
"113",0.2,0.01,1,2,19,100,1e+06,100,20,2000,2500,0.8
"114",0.3,0.01,1,2,19,100,1e+06,100,20,2000,2500,0.8
"115",0.1,0.01,1,2,19,100,1e+06,100,20,2000,2500,0.8
"116",0.2,0.01,1,2,19,100,1e+06,100,20,2000,2500,0.8
"117",0.3,0.01,1,2,19,100,1e+06,100,20,2000,2500,0.8
"118",0.1,0.01,1,2,19,100,1e+06,100,20,2000,2500,0.8
"119",0.2,0.01,1,2,19,100,1e+06,100,20,2000,2500,0.8
"120",0.3,0.01,1,2,19,100,1e+06,100,20,2000,2500,0.8
"121",0.1,0.01,1,2,19,100,1e+06,100,20,2000,2500,0.8
"122",0.2,0.01,1,2,19,100,1e+06,100,20,2000,2500,0.8
"123",0.3,0.01,1,2,19,100,1e+06,100,20,2000,2500,0.8
"124",0.1,0.01,0,2,19,100,1e+06,100,20,2000,2500,0.8
"125",0.2,0.01,1,2,19,100,1e+06,100,20,2000,2500,0.8
"126",0.3,0.01,1,2,19,100,1e+06,100,20,2000,2500,0.8
"127",0.1,0.01,1,2,19,100,1e+06,100,20,2000,2500,0.8
"128",0.2,0.01,1,2,19,100,1e+06,100,20,2000,2500,0.8
"129",0.3,0.01,1,2,19,100,1e+06,100,20,2000,2500,0.8
"130",0.1,0.01,1,2,19,100,1e+06,100,20,2000,2500,0.8
"131",0.2,0.01,1,2,19,100,1e+06,100,20,2000,2500,0.8
"132",0.3,0.01,1,2,19,100,1e+06,100,20,2000,2500,0.8
"133",0.1,0.01,0,2,19,100,1e+06,100,20,2000,2500,0.8
"134",0.2,0.01,1,2,19,100,1e+06,100,20,2000,2500,0.8
"135",0.3,0.01,1,2,19,100,1e+06,100,20,2000,2500,0.8
"136",0.1,0.01,1,2,19,100,1e+06,100,20,2000,2500,0.8
"137",0.2,0.01,1,2,19,100,1e+06,100,20,2000,2500,0.8
"138",0.3,0.01,0,2,19,100,1e+06,100,20,2000,2500,0.8
"139",0.1,0.01,1,2,19,100,1e+06,100,20,2000,2500,0.8
"140",0.2,0.01,1,2,19,100,1e+06,100,20,2000,2500,0.8
"141",0.3,0.01,1,2,19,100,1e+06,100,20,2000,2500,0.8
"142",0.1,0.01,1,2,19,100,1e+06,100,20,2000,2500,0.8
"143",0.2,0.01,1,2,19,100,1e+06,100,20,2000,2500,0.8
"144",0.3,0.01,1,2,19,100,1e+06,100,20,2000,2500,0.8
"145",0.1,0.01,1,2,19,100,1e+06,100,20,2000,2500,0.8
"146",0.2,0.01,1,2,19,100,1e+06,100,20,2000,2500,0.8
"147",0.3,0.01,0,2,19,100,1e+06,100,20,2000,2500,0.8
"148",0.1,0.01,2,2,19,100,1e+06,100,20,2000,2500,0.8
"149",0.2,0.01,1,2,19,100,1e+06,100,20,2000,2500,0.8
"150",0.3,0.01,1,2,19,100,1e+06,100,20,2000,2500,0.8
"151",0.1,0.01,1,2,19,100,1e+06,100,20,2000,2500,0.8
"152",0.2,0.01,1,2,19,100,1e+06,100,20,2000,2500,0.8
"153",0.3,0.01,1,2,19,100,1e+06,100,20,2000,2500,0.8
"154",0.1,0.01,1,2,19,100,1e+06,100,20,2000,2500,0.8
"155",0.2,0.01,1,2,19,100,1e+06,100,20,2000,2500,0.8
"156",0.3,0.01,1,2,19,100,1e+06,100,20,2000,2500,0.8
"157",0.1,0.01,1,2,19,100,1e+06,100,20,2000,2500,0.8
"158",0.2,0.01,0,2,19,100,1e+06,100,20,2000,2500,0.8
"159",0.3,0.01,1,2,19,100,1e+06,100,20,2000,2500,0.8
"160",0.1,0.01,1,2,19,100,1e+06,100,20,2000,2500,0.8
"161",0.2,0.01,2,2,19,100,1e+06,100,20,2000,2500,0.8
"162",0.3,0.01,1,2,19,100,1e+06,100,20,2000,2500,0.8
"163",0.1,0.01,1,2,19,100,1e+06,100,20,2000,2500,0.8
"164",0.2,0.01,1,2,19,100,1e+06,100,20,2000,2500,0.8
"165",0.3,0.01,1,2,19,100,1e+06,100,20,2000,2500,0.8
"166",0.1,0.01,1,2,19,100,1e+06,100,20,2000,2500,0.8
"167",0.2,0.01,1,2,19,100,1e+06,100,20,2000,2500,0.8
"168",0.3,0.01,1,2,19,100,1e+06,100,20,2000,2500,0.8
"169",0.1,0.01,0,2,19,100,1e+06,100,20,2000,2500,0.8
"170",0.2,0.01,0,2,19,100,1e+06,100,20,2000,2500,0.8
"171",0.3,0.01,1,2,19,100,1e+06,100,20,2000,2500,0.8
"172",0.1,0.01,1,2,19,100,1e+06,100,20,2000,2500,0.8
"173",0.2,0.01,1,2,19,100,1e+06,100,20,2000,2500,0.8
"174",0.3,0.01,1,2,19,100,1e+06,100,20,2000,2500,0.8
"175",0.1,0.01,0,2,19,100,1e+06,100,20,2000,2500,0.8
"176",0.2,0.01,1,2,19,100,1e+06,100,20,2000,2500,0.8
"177",0.3,0.01,1,2,19,100,1e+06,100,20,2000,2500,0.8
"178",0.1,0.01,1,2,19,100,1e+06,100,20,2000,2500,0.8
"179",0.2,0.01,1,2,19,100,1e+06,100,20,2000,2500,0.8
"180",0.3,0.01,1,2,19,100,1e+06,100,20,2000,2500,0.8
"181",0.1,0.01,1,2,19,100,1e+06,100,20,2000,2500,0.8
"182",0.2,0.01,1,2,19,100,1e+06,100,20,2000,2500,0.8
"183",0.3,0.01,0,2,19,100,1e+06,100,20,2000,2500,0.8
"184",0.1,0.01,1,2,19,100,1e+06,100,20,2000,2500,0.8
"185",0.2,0.01,1,2,19,100,1e+06,100,20,2000,2500,0.8
"186",0.3,0.01,1,2,19,100,1e+06,100,20,2000,2500,0.8
"187",0.1,0.01,1,2,19,100,1e+06,100,20,2000,2500,0.8
"188",0.2,0.01,1,2,19,100,1e+06,100,20,2000,2500,0.8
"189",0.3,0.01,1,2,19,100,1e+06,100,20,2000,2500,0.8
"190",0.1,0.01,1,2,19,100,1e+06,100,20,2000,2500,0.8
"191",0.2,0.01,1,2,19,100,1e+06,100,20,2000,2500,0.8
"192",0.3,0.01,1,2,19,100,1e+06,100,20,2000,2500,0.8
"193",0.1,0.01,1,2,19,100,1e+06,100,20,2000,2500,0.8
"194",0.2,0.01,1,2,19,100,1e+06,100,20,2000,2500,0.8
"195",0.3,0.01,1,2,19,100,1e+06,100,20,2000,2500,0.8
"196",0.1,0.01,0,2,19,100,1e+06,100,20,2000,2500,0.8
"197",0.2,0.01,1,2,19,100,1e+06,100,20,2000,2500,0.8
"198",0.3,0.01,1,2,19,100,1e+06,100,20,2000,2500,0.8
"199",0.1,0.01,0,2,19,100,1e+06,100,20,2000,2500,0.8
"200",0.2,0.01,1,2,19,100,1e+06,100,20,2000,2500,0.8
"201",0.3,0.01,1,2,19,100,1e+06,100,20,2000,2500,0.8
"202",0.1,0.01,1,2,19,100,1e+06,100,20,2000,2500,0.8
"203",0.2,0.01,1,2,19,100,1e+06,100,20,2000,2500,0.8
"204",0.3,0.01,1,2,19,100,1e+06,100,20,2000,2500,0.8
"205",0.1,0.01,1,2,19,100,1e+06,100,20,2000,2500,0.8
"206",0.2,0.01,1,2,19,100,1e+06,100,20,2000,2500,0.8
"207",0.3,0.01,1,2,19,100,1e+06,100,20,2000,2500,0.8
"208",0.1,0.01,0,2,19,100,1e+06,100,20,2000,2500,0.8
"209",0.2,0.01,1,2,19,100,1e+06,100,20,2000,2500,0.8
"210",0.3,0.01,1,2,19,100,1e+06,100,20,2000,2500,0.8
"211",0.1,0.01,1,2,19,100,1e+06,100,20,2000,2500,0.8
"212",0.2,0.01,1,2,19,100,1e+06,100,20,2000,2500,0.8
"213",0.3,0.01,1,2,19,100,1e+06,100,20,2000,2500,0.8
"214",0.1,0.01,1,2,19,100,1e+06,100,20,2000,2500,0.8
"215",0.2,0.01,1,2,19,100,1e+06,100,20,2000,2500,0.8
"216",0.3,0.01,0,2,19,100,1e+06,100,20,2000,2500,0.8
"217",0.1,0.01,1,2,19,100,1e+06,100,20,2000,2500,0.8
"218",0.2,0.01,1,2,19,100,1e+06,100,20,2000,2500,0.8
"219",0.3,0.01,1,2,19,100,1e+06,100,20,2000,2500,0.8
"220",0.1,0.01,1,2,19,100,1e+06,100,20,2000,2500,0.8
"221",0.2,0.01,1,2,19,100,1e+06,100,20,2000,2500,0.8
"222",0.3,0.01,1,2,19,100,1e+06,100,20,2000,2500,0.8
"223",0.1,0.01,1,2,19,100,1e+06,100,20,2000,2500,0.8
"224",0.2,0.01,1,2,19,100,1e+06,100,20,2000,2500,0.8
"225",0.3,0.01,1,2,19,100,1e+06,100,20,2000,2500,0.8
"226",0.1,0.01,0,2,19,100,1e+06,100,20,2000,2500,0.8
"227",0.2,0.01,0,2,19,100,1e+06,100,20,2000,2500,0.8
"228",0.3,0.01,1,2,19,100,1e+06,100,20,2000,2500,0.8
"229",0.1,0.01,1,2,19,100,1e+06,100,20,2000,2500,0.8
"230",0.2,0.01,1,2,19,100,1e+06,100,20,2000,2500,0.8
"231",0.3,0.01,1,2,19,100,1e+06,100,20,2000,2500,0.8
"232",0.1,0.01,2,2,19,100,1e+06,100,20,2000,2500,0.8
"233",0.2,0.01,1,2,19,100,1e+06,100,20,2000,2500,0.8
"234",0.3,0.01,1,2,19,100,1e+06,100,20,2000,2500,0.8
"235",0.1,0.01,0,2,19,100,1e+06,100,20,2000,2500,0.8
"236",0.2,0.01,1,2,19,100,1e+06,100,20,2000,2500,0.8
"237",0.3,0.01,0,2,19,100,1e+06,100,20,2000,2500,0.8
"238",0.1,0.01,1,2,19,100,1e+06,100,20,2000,2500,0.8
"239",0.2,0.01,1,2,19,100,1e+06,100,20,2000,2500,0.8
"240",0.3,0.01,1,2,19,100,1e+06,100,20,2000,2500,0.8
"241",0.1,0.01,1,2,19,100,1e+06,100,20,2000,2500,0.8
"242",0.2,0.01,1,2,19,100,1e+06,100,20,2000,2500,0.8
"243",0.3,0.01,1,2,19,100,1e+06,100,20,2000,2500,0.8
"244",0.1,0.01,1,2,19,100,1e+06,100,20,2000,2500,0.8
"245",0.2,0.01,1,2,19,100,1e+06,100,20,2000,2500,0.8
"246",0.3,0.01,1,2,19,100,1e+06,100,20,2000,2500,0.8
"247",0.1,0.01,1,2,19,100,1e+06,100,20,2000,2500,0.8
"248",0.2,0.01,1,2,19,100,1e+06,100,20,2000,2500,0.8
"249",0.3,0.01,1,2,19,100,1e+06,100,20,2000,2500,0.8
"250",0.1,0.01,1,2,19,100,1e+06,100,20,2000,2500,0.8
"251",0.2,0.01,1,2,19,100,1e+06,100,20,2000,2500,0.8
"252",0.3,0.01,1,2,19,100,1e+06,100,20,2000,2500,0.8
"253",0.1,0.01,0,2,19,100,1e+06,100,20,2000,2500,0.8
"254",0.2,0.01,0,2,19,100,1e+06,100,20,2000,2500,0.8
"255",0.3,0.01,1,2,19,100,1e+06,100,20,2000,2500,0.8
"256",0.1,0.01,1,2,19,100,1e+06,100,20,2000,2500,0.8
"257",0.2,0.01,0,2,19,100,1e+06,100,20,2000,2500,0.8
"258",0.3,0.01,1,2,19,100,1e+06,100,20,2000,2500,0.8
"259",0.1,0.01,1,2,19,100,1e+06,100,20,2000,2500,0.8
"260",0.2,0.01,1,2,19,100,1e+06,100,20,2000,2500,0.8
"261",0.3,0.01,1,2,19,100,1e+06,100,20,2000,2500,0.8
"262",0.1,0.01,1,2,19,100,1e+06,100,20,2000,2500,0.8
"263",0.2,0.01,1,2,19,100,1e+06,100,20,2000,2500,0.8
"264",0.3,0.01,1,2,19,100,1e+06,100,20,2000,2500,0.8
"265",0.1,0.01,1,2,19,100,1e+06,100,20,2000,2500,0.8
"266",0.2,0.01,2,2,19,100,1e+06,100,20,2000,2500,0.8
"267",0.3,0.01,1,2,19,100,1e+06,100,20,2000,2500,0.8
"268",0.1,0.01,1,2,19,100,1e+06,100,20,2000,2500,0.8
"269",0.2,0.01,1,2,19,100,1e+06,100,20,2000,2500,0.8
"270",0.3,0.01,1,2,19,100,1e+06,100,20,2000,2500,0.8
"271",0.1,0.01,1,2,19,100,1e+06,100,20,2000,2500,0.8
"272",0.2,0.01,1,2,19,100,1e+06,100,20,2000,2500,0.8
"273",0.3,0.01,1,2,19,100,1e+06,100,20,2000,2500,0.8
"274",0.1,0.01,1,2,19,100,1e+06,100,20,2000,2500,0.8
"275",0.2,0.01,1,2,19,100,1e+06,100,20,2000,2500,0.8
"276",0.3,0.01,1,2,19,100,1e+06,100,20,2000,2500,0.8
"277",0.1,0.01,1,2,19,100,1e+06,100,20,2000,2500,0.8
"278",0.2,0.01,1,2,19,100,1e+06,100,20,2000,2500,0.8
"279",0.3,0.01,1,2,19,100,1e+06,100,20,2000,2500,0.8
"280",0.1,0.01,1,2,19,100,1e+06,100,20,2000,2500,0.8
"281",0.2,0.01,1,2,19,100,1e+06,100,20,2000,2500,0.8
"282",0.3,0.01,1,2,19,100,1e+06,100,20,2000,2500,0.8
"283",0.1,0.01,1,2,19,100,1e+06,100,20,2000,2500,0.8
"284",0.2,0.01,1,2,19,100,1e+06,100,20,2000,2500,0.8
"285",0.3,0.01,1,2,19,100,1e+06,100,20,2000,2500,0.8
"286",0.1,0.01,1,2,19,100,1e+06,100,20,2000,2500,0.8
"287",0.2,0.01,0,2,19,100,1e+06,100,20,2000,2500,0.8
"288",0.3,0.01,1,2,19,100,1e+06,100,20,2000,2500,0.8
"289",0.1,0.01,1,2,19,100,1e+06,100,20,2000,2500,0.8
"290",0.2,0.01,1,2,19,100,1e+06,100,20,2000,2500,0.8
"291",0.3,0.01,1,2,19,100,1e+06,100,20,2000,2500,0.8
"292",0.1,0.01,1,2,19,100,1e+06,100,20,2000,2500,0.8
"293",0.2,0.01,1,2,19,100,1e+06,100,20,2000,2500,0.8
"294",0.3,0.01,1,2,19,100,1e+06,100,20,2000,2500,0.8
"295",0.1,0.01,1,2,19,100,1e+06,100,20,2000,2500,0.8
"296",0.2,0.01,1,2,19,100,1e+06,100,20,2000,2500,0.8
"297",0.3,0.01,1,2,19,100,1e+06,100,20,2000,2500,0.8
"298",0.1,0.01,0,2,19,100,1e+06,100,20,2000,2500,0.8
"299",0.2,0.01,1,2,19,100,1e+06,100,20,2000,2500,0.8
"300",0.3,0.01,1,2,19,100,1e+06,100,20,2000,2500,0.8
"301",0.1,0.01,2,2,19,100,1e+06,200,20,4000,5000,0.8
"302",0.2,0.01,1,2,19,100,1e+06,200,20,4000,5000,0.8
"303",0.3,0.01,1,2,19,100,1e+06,200,20,4000,5000,0.8
"304",0.1,0.01,1,2,19,100,1e+06,200,20,4000,5000,0.8
"305",0.2,0.01,1,2,19,100,1e+06,200,20,4000,5000,0.8
"306",0.3,0.01,1,2,19,100,1e+06,200,20,4000,5000,0.8
"307",0.1,0.01,1,2,19,100,1e+06,200,20,4000,5000,0.8
"308",0.2,0.01,1,2,19,100,1e+06,200,20,4000,5000,0.8
"309",0.3,0.01,2,2,19,100,1e+06,200,20,4000,5000,0.8
"310",0.1,0.01,1,2,19,100,1e+06,200,20,4000,5000,0.8
"311",0.2,0.01,1,2,19,100,1e+06,200,20,4000,5000,0.8
"312",0.3,0.01,1,2,19,100,1e+06,200,20,4000,5000,0.8
"313",0.1,0.01,1,2,19,100,1e+06,200,20,4000,5000,0.8
"314",0.2,0.01,1,2,19,100,1e+06,200,20,4000,5000,0.8
"315",0.3,0.01,1,2,19,100,1e+06,200,20,4000,5000,0.8
"316",0.1,0.01,1,2,19,100,1e+06,200,20,4000,5000,0.8
"317",0.2,0.01,1,2,19,100,1e+06,200,20,4000,5000,0.8
"318",0.3,0.01,1,2,19,100,1e+06,200,20,4000,5000,0.8
"319",0.1,0.01,1,2,19,100,1e+06,200,20,4000,5000,0.8
"320",0.2,0.01,1,2,19,100,1e+06,200,20,4000,5000,0.8
"321",0.3,0.01,1,2,19,100,1e+06,200,20,4000,5000,0.8
"322",0.1,0.01,1,2,19,100,1e+06,200,20,4000,5000,0.8
"323",0.2,0.01,2,2,19,100,1e+06,200,20,4000,5000,0.8
"324",0.3,0.01,1,2,19,100,1e+06,200,20,4000,5000,0.8
"325",0.1,0.01,1,2,19,100,1e+06,200,20,4000,5000,0.8
"326",0.2,0.01,1,2,19,100,1e+06,200,20,4000,5000,0.8
"327",0.3,0.01,1,2,19,100,1e+06,200,20,4000,5000,0.8
"328",0.1,0.01,1,2,19,100,1e+06,200,20,4000,5000,0.8
"329",0.2,0.01,1,2,19,100,1e+06,200,20,4000,5000,0.8
"330",0.3,0.01,1,2,19,100,1e+06,200,20,4000,5000,0.8
"331",0.1,0.01,1,2,19,100,1e+06,200,20,4000,5000,0.8
"332",0.2,0.01,1,2,19,100,1e+06,200,20,4000,5000,0.8
"333",0.3,0.01,1,2,19,100,1e+06,200,20,4000,5000,0.8
"334",0.1,0.01,1,2,19,100,1e+06,200,20,4000,5000,0.8
"335",0.2,0.01,1,2,19,100,1e+06,200,20,4000,5000,0.8
"336",0.3,0.01,1,2,19,100,1e+06,200,20,4000,5000,0.8
"337",0.1,0.01,1,2,19,100,1e+06,200,20,4000,5000,0.8
"338",0.2,0.01,1,2,19,100,1e+06,200,20,4000,5000,0.8
"339",0.3,0.01,1,2,19,100,1e+06,200,20,4000,5000,0.8
"340",0.1,0.01,1,2,19,100,1e+06,200,20,4000,5000,0.8
"341",0.2,0.01,1,2,19,100,1e+06,200,20,4000,5000,0.8
"342",0.3,0.01,1,2,19,100,1e+06,200,20,4000,5000,0.8
"343",0.1,0.01,1,2,19,100,1e+06,200,20,4000,5000,0.8
"344",0.2,0.01,1,2,19,100,1e+06,200,20,4000,5000,0.8
"345",0.3,0.01,2,2,19,100,1e+06,200,20,4000,5000,0.8
"346",0.1,0.01,1,2,19,100,1e+06,200,20,4000,5000,0.8
"347",0.2,0.01,1,2,19,100,1e+06,200,20,4000,5000,0.8
"348",0.3,0.01,1,2,19,100,1e+06,200,20,4000,5000,0.8
"349",0.1,0.01,1,2,19,100,1e+06,200,20,4000,5000,0.8
"350",0.2,0.01,1,2,19,100,1e+06,200,20,4000,5000,0.8
"351",0.3,0.01,1,2,19,100,1e+06,200,20,4000,5000,0.8
"352",0.1,0.01,1,2,19,100,1e+06,200,20,4000,5000,0.8
"353",0.2,0.01,1,2,19,100,1e+06,200,20,4000,5000,0.8
"354",0.3,0.01,1,2,19,100,1e+06,200,20,4000,5000,0.8
"355",0.1,0.01,1,2,19,100,1e+06,200,20,4000,5000,0.8
"356",0.2,0.01,1,2,19,100,1e+06,200,20,4000,5000,0.8
"357",0.3,0.01,1,2,19,100,1e+06,200,20,4000,5000,0.8
"358",0.1,0.01,1,2,19,100,1e+06,200,20,4000,5000,0.8
"359",0.2,0.01,2,2,19,100,1e+06,200,20,4000,5000,0.8
"360",0.3,0.01,1,2,19,100,1e+06,200,20,4000,5000,0.8
"361",0.1,0.01,1,2,19,100,1e+06,200,20,4000,5000,0.8
"362",0.2,0.01,1,2,19,100,1e+06,200,20,4000,5000,0.8
"363",0.3,0.01,1,2,19,100,1e+06,200,20,4000,5000,0.8
"364",0.1,0.01,1,2,19,100,1e+06,200,20,4000,5000,0.8
"365",0.2,0.01,1,2,19,100,1e+06,200,20,4000,5000,0.8
"366",0.3,0.01,1,2,19,100,1e+06,200,20,4000,5000,0.8
"367",0.1,0.01,1,2,19,100,1e+06,200,20,4000,5000,0.8
"368",0.2,0.01,1,2,19,100,1e+06,200,20,4000,5000,0.8
"369",0.3,0.01,1,2,19,100,1e+06,200,20,4000,5000,0.8
"370",0.1,0.01,1,2,19,100,1e+06,200,20,4000,5000,0.8
"371",0.2,0.01,1,2,19,100,1e+06,200,20,4000,5000,0.8
"372",0.3,0.01,1,2,19,100,1e+06,200,20,4000,5000,0.8
"373",0.1,0.01,1,2,19,100,1e+06,200,20,4000,5000,0.8
"374",0.2,0.01,1,2,19,100,1e+06,200,20,4000,5000,0.8
"375",0.3,0.01,1,2,19,100,1e+06,200,20,4000,5000,0.8
"376",0.1,0.01,1,2,19,100,1e+06,200,20,4000,5000,0.8
"377",0.2,0.01,1,2,19,100,1e+06,200,20,4000,5000,0.8
"378",0.3,0.01,1,2,19,100,1e+06,200,20,4000,5000,0.8
"379",0.1,0.01,2,2,19,100,1e+06,200,20,4000,5000,0.8
"380",0.2,0.01,1,2,19,100,1e+06,200,20,4000,5000,0.8
"381",0.3,0.01,1,2,19,100,1e+06,200,20,4000,5000,0.8
"382",0.1,0.01,1,2,19,100,1e+06,200,20,4000,5000,0.8
"383",0.2,0.01,1,2,19,100,1e+06,200,20,4000,5000,0.8
"384",0.3,0.01,1,2,19,100,1e+06,200,20,4000,5000,0.8
"385",0.1,0.01,1,2,19,100,1e+06,200,20,4000,5000,0.8
"386",0.2,0.01,1,2,19,100,1e+06,200,20,4000,5000,0.8
"387",0.3,0.01,1,2,19,100,1e+06,200,20,4000,5000,0.8
"388",0.1,0.01,1,2,19,100,1e+06,200,20,4000,5000,0.8
"389",0.2,0.01,1,2,19,100,1e+06,200,20,4000,5000,0.8
"390",0.3,0.01,1,2,19,100,1e+06,200,20,4000,5000,0.8
"391",0.1,0.01,1,2,19,100,1e+06,200,20,4000,5000,0.8
"392",0.2,0.01,1,2,19,100,1e+06,200,20,4000,5000,0.8
"393",0.3,0.01,1,2,19,100,1e+06,200,20,4000,5000,0.8
"394",0.1,0.01,1,2,19,100,1e+06,200,20,4000,5000,0.8
"395",0.2,0.01,1,2,19,100,1e+06,200,20,4000,5000,0.8
"396",0.3,0.01,1,2,19,100,1e+06,200,20,4000,5000,0.8
"397",0.1,0.01,1,2,19,100,1e+06,200,20,4000,5000,0.8
"398",0.2,0.01,1,2,19,100,1e+06,200,20,4000,5000,0.8
"399",0.3,0.01,1,2,19,100,1e+06,200,20,4000,5000,0.8
"400",0.1,0.01,1,2,19,100,1e+06,200,20,4000,5000,0.8
"401",0.2,0.01,1,2,19,100,1e+06,200,20,4000,5000,0.8
"402",0.3,0.01,1,2,19,100,1e+06,200,20,4000,5000,0.8
"403",0.1,0.01,1,2,19,100,1e+06,200,20,4000,5000,0.8
"404",0.2,0.01,1,2,19,100,1e+06,200,20,4000,5000,0.8
"405",0.3,0.01,1,2,19,100,1e+06,200,20,4000,5000,0.8
"406",0.1,0.01,1,2,19,100,1e+06,200,20,4000,5000,0.8
"407",0.2,0.01,1,2,19,100,1e+06,200,20,4000,5000,0.8
"408",0.3,0.01,1,2,19,100,1e+06,200,20,4000,5000,0.8
"409",0.1,0.01,1,2,19,100,1e+06,200,20,4000,5000,0.8
"410",0.2,0.01,1,2,19,100,1e+06,200,20,4000,5000,0.8
"411",0.3,0.01,1,2,19,100,1e+06,200,20,4000,5000,0.8
"412",0.1,0.01,1,2,19,100,1e+06,200,20,4000,5000,0.8
"413",0.2,0.01,1,2,19,100,1e+06,200,20,4000,5000,0.8
"414",0.3,0.01,1,2,19,100,1e+06,200,20,4000,5000,0.8
"415",0.1,0.01,1,2,19,100,1e+06,200,20,4000,5000,0.8
"416",0.2,0.01,1,2,19,100,1e+06,200,20,4000,5000,0.8
"417",0.3,0.01,1,2,19,100,1e+06,200,20,4000,5000,0.8
"418",0.1,0.01,1,2,19,100,1e+06,200,20,4000,5000,0.8
"419",0.2,0.01,1,2,19,100,1e+06,200,20,4000,5000,0.8
"420",0.3,0.01,1,2,19,100,1e+06,200,20,4000,5000,0.8
"421",0.1,0.01,1,2,19,100,1e+06,200,20,4000,5000,0.8
"422",0.2,0.01,1,2,19,100,1e+06,200,20,4000,5000,0.8
"423",0.3,0.01,1,2,19,100,1e+06,200,20,4000,5000,0.8
"424",0.1,0.01,1,2,19,100,1e+06,200,20,4000,5000,0.8
"425",0.2,0.01,2,2,19,100,1e+06,200,20,4000,5000,0.8
"426",0.3,0.01,1,2,19,100,1e+06,200,20,4000,5000,0.8
"427",0.1,0.01,1,2,19,100,1e+06,200,20,4000,5000,0.8
"428",0.2,0.01,1,2,19,100,1e+06,200,20,4000,5000,0.8
"429",0.3,0.01,1,2,19,100,1e+06,200,20,4000,5000,0.8
"430",0.1,0.01,1,2,19,100,1e+06,200,20,4000,5000,0.8
"431",0.2,0.01,1,2,19,100,1e+06,200,20,4000,5000,0.8
"432",0.3,0.01,1,2,19,100,1e+06,200,20,4000,5000,0.8
"433",0.1,0.01,2,2,19,100,1e+06,200,20,4000,5000,0.8
"434",0.2,0.01,1,2,19,100,1e+06,200,20,4000,5000,0.8
"435",0.3,0.01,1,2,19,100,1e+06,200,20,4000,5000,0.8
"436",0.1,0.01,1,2,19,100,1e+06,200,20,4000,5000,0.8
"437",0.2,0.01,1,2,19,100,1e+06,200,20,4000,5000,0.8
"438",0.3,0.01,1,2,19,100,1e+06,200,20,4000,5000,0.8
"439",0.1,0.01,1,2,19,100,1e+06,200,20,4000,5000,0.8
"440",0.2,0.01,1,2,19,100,1e+06,200,20,4000,5000,0.8
"441",0.3,0.01,1,2,19,100,1e+06,200,20,4000,5000,0.8
"442",0.1,0.01,2,2,19,100,1e+06,200,20,4000,5000,0.8
"443",0.2,0.01,1,2,19,100,1e+06,200,20,4000,5000,0.8
"444",0.3,0.01,1,2,19,100,1e+06,200,20,4000,5000,0.8
"445",0.1,0.01,1,2,19,100,1e+06,200,20,4000,5000,0.8
"446",0.2,0.01,1,2,19,100,1e+06,200,20,4000,5000,0.8
"447",0.3,0.01,1,2,19,100,1e+06,200,20,4000,5000,0.8
"448",0.1,0.01,2,2,19,100,1e+06,200,20,4000,5000,0.8
"449",0.2,0.01,1,2,19,100,1e+06,200,20,4000,5000,0.8
"450",0.3,0.01,1,2,19,100,1e+06,200,20,4000,5000,0.8
"451",0.1,0.01,1,2,19,100,1e+06,200,20,4000,5000,0.8
"452",0.2,0.01,1,2,19,100,1e+06,200,20,4000,5000,0.8
"453",0.3,0.01,1,2,19,100,1e+06,200,20,4000,5000,0.8
"454",0.1,0.01,1,2,19,100,1e+06,200,20,4000,5000,0.8
"455",0.2,0.01,1,2,19,100,1e+06,200,20,4000,5000,0.8
"456",0.3,0.01,1,2,19,100,1e+06,200,20,4000,5000,0.8
"457",0.1,0.01,1,2,19,100,1e+06,200,20,4000,5000,0.8
"458",0.2,0.01,1,2,19,100,1e+06,200,20,4000,5000,0.8
"459",0.3,0.01,1,2,19,100,1e+06,200,20,4000,5000,0.8
"460",0.1,0.01,1,2,19,100,1e+06,200,20,4000,5000,0.8
"461",0.2,0.01,1,2,19,100,1e+06,200,20,4000,5000,0.8
"462",0.3,0.01,1,2,19,100,1e+06,200,20,4000,5000,0.8
"463",0.1,0.01,1,2,19,100,1e+06,200,20,4000,5000,0.8
"464",0.2,0.01,1,2,19,100,1e+06,200,20,4000,5000,0.8
"465",0.3,0.01,1,2,19,100,1e+06,200,20,4000,5000,0.8
"466",0.1,0.01,1,2,19,100,1e+06,200,20,4000,5000,0.8
"467",0.2,0.01,1,2,19,100,1e+06,200,20,4000,5000,0.8
"468",0.3,0.01,1,2,19,100,1e+06,200,20,4000,5000,0.8
"469",0.1,0.01,1,2,19,100,1e+06,200,20,4000,5000,0.8
"470",0.2,0.01,1,2,19,100,1e+06,200,20,4000,5000,0.8
"471",0.3,0.01,1,2,19,100,1e+06,200,20,4000,5000,0.8
"472",0.1,0.01,1,2,19,100,1e+06,200,20,4000,5000,0.8
"473",0.2,0.01,1,2,19,100,1e+06,200,20,4000,5000,0.8
"474",0.3,0.01,1,2,19,100,1e+06,200,20,4000,5000,0.8
"475",0.1,0.01,1,2,19,100,1e+06,200,20,4000,5000,0.8
"476",0.2,0.01,1,2,19,100,1e+06,200,20,4000,5000,0.8
"477",0.3,0.01,1,2,19,100,1e+06,200,20,4000,5000,0.8
"478",0.1,0.01,1,2,19,100,1e+06,200,20,4000,5000,0.8
"479",0.2,0.01,1,2,19,100,1e+06,200,20,4000,5000,0.8
"480",0.3,0.01,1,2,19,100,1e+06,200,20,4000,5000,0.8
"481",0.1,0.01,1,2,19,100,1e+06,200,20,4000,5000,0.8
"482",0.2,0.01,1,2,19,100,1e+06,200,20,4000,5000,0.8
"483",0.3,0.01,1,2,19,100,1e+06,200,20,4000,5000,0.8
"484",0.1,0.01,1,2,19,100,1e+06,200,20,4000,5000,0.8
"485",0.2,0.01,1,2,19,100,1e+06,200,20,4000,5000,0.8
"486",0.3,0.01,1,2,19,100,1e+06,200,20,4000,5000,0.8
"487",0.1,0.01,1,2,19,100,1e+06,200,20,4000,5000,0.8
"488",0.2,0.01,1,2,19,100,1e+06,200,20,4000,5000,0.8
"489",0.3,0.01,1,2,19,100,1e+06,200,20,4000,5000,0.8
"490",0.1,0.01,1,2,19,100,1e+06,200,20,4000,5000,0.8
"491",0.2,0.01,1,2,19,100,1e+06,200,20,4000,5000,0.8
"492",0.3,0.01,2,2,19,100,1e+06,200,20,4000,5000,0.8
"493",0.1,0.01,1,2,19,100,1e+06,200,20,4000,5000,0.8
"494",0.2,0.01,1,2,19,100,1e+06,200,20,4000,5000,0.8
"495",0.3,0.01,1,2,19,100,1e+06,200,20,4000,5000,0.8
"496",0.1,0.01,1,2,19,100,1e+06,200,20,4000,5000,0.8
"497",0.2,0.01,1,2,19,100,1e+06,200,20,4000,5000,0.8
"498",0.3,0.01,1,2,19,100,1e+06,200,20,4000,5000,0.8
"499",0.1,0.01,1,2,19,100,1e+06,200,20,4000,5000,0.8
"500",0.2,0.01,1,2,19,100,1e+06,200,20,4000,5000,0.8
"501",0.3,0.01,1,2,19,100,1e+06,200,20,4000,5000,0.8
"502",0.1,0.01,1,2,19,100,1e+06,200,20,4000,5000,0.8
"503",0.2,0.01,1,2,19,100,1e+06,200,20,4000,5000,0.8
"504",0.3,0.01,1,2,19,100,1e+06,200,20,4000,5000,0.8
"505",0.1,0.01,1,2,19,100,1e+06,200,20,4000,5000,0.8
"506",0.2,0.01,2,2,19,100,1e+06,200,20,4000,5000,0.8
"507",0.3,0.01,1,2,19,100,1e+06,200,20,4000,5000,0.8
"508",0.1,0.01,1,2,19,100,1e+06,200,20,4000,5000,0.8
"509",0.2,0.01,1,2,19,100,1e+06,200,20,4000,5000,0.8
"510",0.3,0.01,1,2,19,100,1e+06,200,20,4000,5000,0.8
"511",0.1,0.01,1,2,19,100,1e+06,200,20,4000,5000,0.8
"512",0.2,0.01,1,2,19,100,1e+06,200,20,4000,5000,0.8
"513",0.3,0.01,1,2,19,100,1e+06,200,20,4000,5000,0.8
"514",0.1,0.01,1,2,19,100,1e+06,200,20,4000,5000,0.8
"515",0.2,0.01,1,2,19,100,1e+06,200,20,4000,5000,0.8
"516",0.3,0.01,1,2,19,100,1e+06,200,20,4000,5000,0.8
"517",0.1,0.01,1,2,19,100,1e+06,200,20,4000,5000,0.8
"518",0.2,0.01,1,2,19,100,1e+06,200,20,4000,5000,0.8
"519",0.3,0.01,1,2,19,100,1e+06,200,20,4000,5000,0.8
"520",0.1,0.01,1,2,19,100,1e+06,200,20,4000,5000,0.8
"521",0.2,0.01,1,2,19,100,1e+06,200,20,4000,5000,0.8
"522",0.3,0.01,1,2,19,100,1e+06,200,20,4000,5000,0.8
"523",0.1,0.01,1,2,19,100,1e+06,200,20,4000,5000,0.8
"524",0.2,0.01,1,2,19,100,1e+06,200,20,4000,5000,0.8
"525",0.3,0.01,1,2,19,100,1e+06,200,20,4000,5000,0.8
"526",0.1,0.01,1,2,19,100,1e+06,200,20,4000,5000,0.8
"527",0.2,0.01,1,2,19,100,1e+06,200,20,4000,5000,0.8
"528",0.3,0.01,1,2,19,100,1e+06,200,20,4000,5000,0.8
"529",0.1,0.01,1,2,19,100,1e+06,200,20,4000,5000,0.8
"530",0.2,0.01,1,2,19,100,1e+06,200,20,4000,5000,0.8
"531",0.3,0.01,1,2,19,100,1e+06,200,20,4000,5000,0.8
"532",0.1,0.01,1,2,19,100,1e+06,200,20,4000,5000,0.8
"533",0.2,0.01,1,2,19,100,1e+06,200,20,4000,5000,0.8
"534",0.3,0.01,1,2,19,100,1e+06,200,20,4000,5000,0.8
"535",0.1,0.01,1,2,19,100,1e+06,200,20,4000,5000,0.8
"536",0.2,0.01,1,2,19,100,1e+06,200,20,4000,5000,0.8
"537",0.3,0.01,1,2,19,100,1e+06,200,20,4000,5000,0.8
"538",0.1,0.01,1,2,19,100,1e+06,200,20,4000,5000,0.8
"539",0.2,0.01,1,2,19,100,1e+06,200,20,4000,5000,0.8
"540",0.3,0.01,1,2,19,100,1e+06,200,20,4000,5000,0.8
"541",0.1,0.01,1,2,19,100,1e+06,200,20,4000,5000,0.8
"542",0.2,0.01,1,2,19,100,1e+06,200,20,4000,5000,0.8
"543",0.3,0.01,1,2,19,100,1e+06,200,20,4000,5000,0.8
"544",0.1,0.01,1,2,19,100,1e+06,200,20,4000,5000,0.8
"545",0.2,0.01,1,2,19,100,1e+06,200,20,4000,5000,0.8
"546",0.3,0.01,1,2,19,100,1e+06,200,20,4000,5000,0.8
"547",0.1,0.01,1,2,19,100,1e+06,200,20,4000,5000,0.8
"548",0.2,0.01,1,2,19,100,1e+06,200,20,4000,5000,0.8
"549",0.3,0.01,1,2,19,100,1e+06,200,20,4000,5000,0.8
"550",0.1,0.01,1,2,19,100,1e+06,200,20,4000,5000,0.8
"551",0.2,0.01,2,2,19,100,1e+06,200,20,4000,5000,0.8
"552",0.3,0.01,1,2,19,100,1e+06,200,20,4000,5000,0.8
"553",0.1,0.01,1,2,19,100,1e+06,200,20,4000,5000,0.8
"554",0.2,0.01,1,2,19,100,1e+06,200,20,4000,5000,0.8
"555",0.3,0.01,1,2,19,100,1e+06,200,20,4000,5000,0.8
"556",0.1,0.01,1,2,19,100,1e+06,200,20,4000,5000,0.8
"557",0.2,0.01,1,2,19,100,1e+06,200,20,4000,5000,0.8
"558",0.3,0.01,1,2,19,100,1e+06,200,20,4000,5000,0.8
"559",0.1,0.01,1,2,19,100,1e+06,200,20,4000,5000,0.8
"560",0.2,0.01,2,2,19,100,1e+06,200,20,4000,5000,0.8
"561",0.3,0.01,2,2,19,100,1e+06,200,20,4000,5000,0.8
"562",0.1,0.01,1,2,19,100,1e+06,200,20,4000,5000,0.8
"563",0.2,0.01,1,2,19,100,1e+06,200,20,4000,5000,0.8
"564",0.3,0.01,1,2,19,100,1e+06,200,20,4000,5000,0.8
"565",0.1,0.01,1,2,19,100,1e+06,200,20,4000,5000,0.8
"566",0.2,0.01,1,2,19,100,1e+06,200,20,4000,5000,0.8
"567",0.3,0.01,1,2,19,100,1e+06,200,20,4000,5000,0.8
"568",0.1,0.01,1,2,19,100,1e+06,200,20,4000,5000,0.8
"569",0.2,0.01,1,2,19,100,1e+06,200,20,4000,5000,0.8
"570",0.3,0.01,1,2,19,100,1e+06,200,20,4000,5000,0.8
"571",0.1,0.01,1,2,19,100,1e+06,200,20,4000,5000,0.8
"572",0.2,0.01,1,2,19,100,1e+06,200,20,4000,5000,0.8
"573",0.3,0.01,1,2,19,100,1e+06,200,20,4000,5000,0.8
"574",0.1,0.01,1,2,19,100,1e+06,200,20,4000,5000,0.8
"575",0.2,0.01,1,2,19,100,1e+06,200,20,4000,5000,0.8
"576",0.3,0.01,1,2,19,100,1e+06,200,20,4000,5000,0.8
"577",0.1,0.01,1,2,19,100,1e+06,200,20,4000,5000,0.8
"578",0.2,0.01,1,2,19,100,1e+06,200,20,4000,5000,0.8
"579",0.3,0.01,1,2,19,100,1e+06,200,20,4000,5000,0.8
"580",0.1,0.01,1,2,19,100,1e+06,200,20,4000,5000,0.8
"581",0.2,0.01,1,2,19,100,1e+06,200,20,4000,5000,0.8
"582",0.3,0.01,1,2,19,100,1e+06,200,20,4000,5000,0.8
"583",0.1,0.01,1,2,19,100,1e+06,200,20,4000,5000,0.8
"584",0.2,0.01,1,2,19,100,1e+06,200,20,4000,5000,0.8
"585",0.3,0.01,1,2,19,100,1e+06,200,20,4000,5000,0.8
"586",0.1,0.01,1,2,19,100,1e+06,200,20,4000,5000,0.8
"587",0.2,0.01,1,2,19,100,1e+06,200,20,4000,5000,0.8
"588",0.3,0.01,1,2,19,100,1e+06,200,20,4000,5000,0.8
"589",0.1,0.01,1,2,19,100,1e+06,200,20,4000,5000,0.8
"590",0.2,0.01,1,2,19,100,1e+06,200,20,4000,5000,0.8
"591",0.3,0.01,1,2,19,100,1e+06,200,20,4000,5000,0.8
"592",0.1,0.01,1,2,19,100,1e+06,200,20,4000,5000,0.8
"593",0.2,0.01,1,2,19,100,1e+06,200,20,4000,5000,0.8
"594",0.3,0.01,1,2,19,100,1e+06,200,20,4000,5000,0.8
"595",0.1,0.01,1,2,19,100,1e+06,200,20,4000,5000,0.8
"596",0.2,0.01,1,2,19,100,1e+06,200,20,4000,5000,0.8
"597",0.3,0.01,1,2,19,100,1e+06,200,20,4000,5000,0.8
"598",0.1,0.01,1,2,19,100,1e+06,200,20,4000,5000,0.8
"599",0.2,0.01,1,2,19,100,1e+06,200,20,4000,5000,0.8
"600",0.3,0.01,1,2,19,100,1e+06,200,20,4000,5000,0.8
"601",0.1,0.01,1,2,19,100,1e+06,400,20,8000,10000,0.8
"602",0.2,0.01,1,2,18.6,100,1e+06,400,20,8000,10000,0.8
"603",0.3,0.01,1,2,18.6,100,1e+06,400,20,8000,10000,0.8
"604",0.1,0.01,1,2,18.9,100,1e+06,400,20,8000,10000,0.8
"605",0.2,0.01,1,2,18.5,100,1e+06,400,20,8000,10000,0.8
"606",0.3,0.01,1,2,18.8,100,1e+06,400,20,8000,10000,0.8
"607",0.1,0.01,1,2,18.5,100,1e+06,400,20,8000,10000,0.8
"608",0.2,0.01,1,2,18.9,100,1e+06,400,20,8000,10000,0.8
"609",0.3,0.01,1,2,17.5,100,1e+06,400,20,8000,10000,0.8
"610",0.1,0.01,1,2,18.3,100,1e+06,400,20,8000,10000,0.8
"611",0.2,0.01,1,2,19,100,1e+06,400,20,8000,10000,0.8
"612",0.3,0.01,1,2,18.4,100,1e+06,400,20,8000,10000,0.8
"613",0.1,0.01,1,2,18.6,100,1e+06,400,20,8000,10000,0.8
"614",0.2,0.01,1,2,17.9,100,1e+06,400,20,8000,10000,0.8
"615",0.3,0.01,1,2,19,100,1e+06,400,20,8000,10000,0.8
"616",0.1,0.01,1,2,18.6,100,1e+06,400,20,8000,10000,0.8
"617",0.2,0.01,1,2,18.5,100,1e+06,400,20,8000,10000,0.8
"618",0.3,0.01,1,2,18.3,100,1e+06,400,20,8000,10000,0.8
"619",0.1,0.01,1,2,18,100,1e+06,400,20,8000,10000,0.8
"620",0.2,0.01,1,2,17.8,100,1e+06,400,20,8000,10000,0.8
"621",0.3,0.01,2,2,18.4,100,1e+06,400,20,8000,10000,0.8
"622",0.1,0.01,1,2,18.5,100,1e+06,400,20,8000,10000,0.8
"623",0.2,0.01,1,2,18.5,100,1e+06,400,20,8000,10000,0.8
"624",0.3,0.01,1,2,17.9,100,1e+06,400,20,8000,10000,0.8
"625",0.1,0.01,1,2,18.9,100,1e+06,400,20,8000,10000,0.8
"626",0.2,0.01,1,2,18.4,100,1e+06,400,20,8000,10000,0.8
"627",0.3,0.01,1,2,18.2,100,1e+06,400,20,8000,10000,0.8
"628",0.1,0.01,1,2,18.4,100,1e+06,400,20,8000,10000,0.8
"629",0.2,0.01,1,2,18.6,100,1e+06,400,20,8000,10000,0.8
"630",0.3,0.01,1,2,18.5,100,1e+06,400,20,8000,10000,0.8
"631",0.1,0.01,1,2,19,100,1e+06,400,20,8000,10000,0.8
"632",0.2,0.01,1,2,18.6,100,1e+06,400,20,8000,10000,0.8
"633",0.3,0.01,1,2,18.7,100,1e+06,400,20,8000,10000,0.8
"634",0.1,0.01,1,2,18.5,100,1e+06,400,20,8000,10000,0.8
"635",0.2,0.01,1,2,18.6,100,1e+06,400,20,8000,10000,0.8
"636",0.3,0.01,2,2,18.5,100,1e+06,400,20,8000,10000,0.8
"637",0.1,0.01,1,2,18.8,100,1e+06,400,20,8000,10000,0.8
"638",0.2,0.01,1,2,18,100,1e+06,400,20,8000,10000,0.8
"639",0.3,0.01,1,2,18.7,100,1e+06,400,20,8000,10000,0.8
"640",0.1,0.01,1,2,18.6,100,1e+06,400,20,8000,10000,0.8
"641",0.2,0.01,1,2,18.4,100,1e+06,400,20,8000,10000,0.8
"642",0.3,0.01,1,2,18.9,100,1e+06,400,20,8000,10000,0.8
"643",0.1,0.01,1,2,17.3,100,1e+06,400,20,8000,10000,0.8
"644",0.2,0.01,1,2,17.9,100,1e+06,400,20,8000,10000,0.8
"645",0.3,0.01,1,2,18.6,100,1e+06,400,20,8000,10000,0.8
"646",0.1,0.01,1,2,18.5,100,1e+06,400,20,8000,10000,0.8
"647",0.2,0.01,1,2,18.2,100,1e+06,400,20,8000,10000,0.8
"648",0.3,0.01,1,2,18.8,100,1e+06,400,20,8000,10000,0.8
"649",0.1,0.01,1,2,18.9,100,1e+06,400,20,8000,10000,0.8
"650",0.2,0.01,1,2,18.1,100,1e+06,400,20,8000,10000,0.8
"651",0.3,0.01,1,2,18.9,100,1e+06,400,20,8000,10000,0.8
"652",0.1,0.01,1,2,18.8,100,1e+06,400,20,8000,10000,0.8
"653",0.2,0.01,1,2,18.6,100,1e+06,400,20,8000,10000,0.8
"654",0.3,0.01,2,2,18.5,100,1e+06,400,20,8000,10000,0.8
"655",0.1,0.01,1,2,18.4,100,1e+06,400,20,8000,10000,0.8
"656",0.2,0.01,1,2,18.6,100,1e+06,400,20,8000,10000,0.8
"657",0.3,0.01,1,2,18.5,100,1e+06,400,20,8000,10000,0.8
"658",0.1,0.01,1,2,19,100,1e+06,400,20,8000,10000,0.8
"659",0.2,0.01,1,2,18.3,100,1e+06,400,20,8000,10000,0.8
"660",0.3,0.01,2,2,18.9,100,1e+06,400,20,8000,10000,0.8
"661",0.1,0.01,1,2,18.7,100,1e+06,400,20,8000,10000,0.8
"662",0.2,0.01,1,2,18.5,100,1e+06,400,20,8000,10000,0.8
"663",0.3,0.01,1,2,19,100,1e+06,400,20,8000,10000,0.8
"664",0.1,0.01,1,2,18.3,100,1e+06,400,20,8000,10000,0.8
"665",0.2,0.01,1,2,18.6,100,1e+06,400,20,8000,10000,0.8
"666",0.3,0.01,1,2,18.6,100,1e+06,400,20,8000,10000,0.8
"667",0.1,0.01,1,2,18.8,100,1e+06,400,20,8000,10000,0.8
"668",0.2,0.01,1,2,18,100,1e+06,400,20,8000,10000,0.8
"669",0.3,0.01,1,2,18.4,100,1e+06,400,20,8000,10000,0.8
"670",0.1,0.01,1,2,18.9,100,1e+06,400,20,8000,10000,0.8
"671",0.2,0.01,1,2,18.3,100,1e+06,400,20,8000,10000,0.8
"672",0.3,0.01,1,2,18.1,100,1e+06,400,20,8000,10000,0.8
"673",0.1,0.01,1,2,18.2,100,1e+06,400,20,8000,10000,0.8
"674",0.2,0.01,1,2,18.7,100,1e+06,400,20,8000,10000,0.8
"675",0.3,0.01,1,2,17.8,100,1e+06,400,20,8000,10000,0.8
"676",0.1,0.01,1,2,18.6,100,1e+06,400,20,8000,10000,0.8
"677",0.2,0.01,1,2,18.3,100,1e+06,400,20,8000,10000,0.8
"678",0.3,0.01,1,2,18.7,100,1e+06,400,20,8000,10000,0.8
"679",0.1,0.01,1,2,18.1,100,1e+06,400,20,8000,10000,0.8
"680",0.2,0.01,1,2,18,100,1e+06,400,20,8000,10000,0.8
"681",0.3,0.01,1,2,18.9,100,1e+06,400,20,8000,10000,0.8
"682",0.1,0.01,1,2,18.6,100,1e+06,400,20,8000,10000,0.8
"683",0.2,0.01,1,2,18.9,100,1e+06,400,20,8000,10000,0.8
"684",0.3,0.01,1,2,18.6,100,1e+06,400,20,8000,10000,0.8
"685",0.1,0.01,1,2,18.7,100,1e+06,400,20,8000,10000,0.8
"686",0.2,0.01,1,2,18.9,100,1e+06,400,20,8000,10000,0.8
"687",0.3,0.01,1,2,17.9,100,1e+06,400,20,8000,10000,0.8
"688",0.1,0.01,1,2,18.4,100,1e+06,400,20,8000,10000,0.8
"689",0.2,0.01,1,2,18.2,100,1e+06,400,20,8000,10000,0.8
"690",0.3,0.01,1,2,18.7,100,1e+06,400,20,8000,10000,0.8
"691",0.1,0.01,1,2,18.5,100,1e+06,400,20,8000,10000,0.8
"692",0.2,0.01,1,2,18.9,100,1e+06,400,20,8000,10000,0.8
"693",0.3,0.01,1,2,18.5,100,1e+06,400,20,8000,10000,0.8
"694",0.1,0.01,1,2,18,100,1e+06,400,20,8000,10000,0.8
"695",0.2,0.01,1,2,18.7,100,1e+06,400,20,8000,10000,0.8
"696",0.3,0.01,1,2,18.3,100,1e+06,400,20,8000,10000,0.8
"697",0.1,0.01,1,2,18.5,100,1e+06,400,20,8000,10000,0.8
"698",0.2,0.01,1,2,18.4,100,1e+06,400,20,8000,10000,0.8
"699",0.3,0.01,1,2,18.9,100,1e+06,400,20,8000,10000,0.8
"700",0.1,0.01,1,2,18.2,100,1e+06,400,20,8000,10000,0.8
"701",0.2,0.01,1,2,17.7,100,1e+06,400,20,8000,10000,0.8
"702",0.3,0.01,1,2,19,100,1e+06,400,20,8000,10000,0.8
"703",0.1,0.01,2,2,18.7,100,1e+06,400,20,8000,10000,0.8
"704",0.2,0.01,1,2,18.4,100,1e+06,400,20,8000,10000,0.8
"705",0.3,0.01,1,2,18.3,100,1e+06,400,20,8000,10000,0.8
"706",0.1,0.01,1,2,18.3,100,1e+06,400,20,8000,10000,0.8
"707",0.2,0.01,1,2,18.7,100,1e+06,400,20,8000,10000,0.8
"708",0.3,0.01,1,2,19,100,1e+06,400,20,8000,10000,0.8
"709",0.1,0.01,1,2,18.3,100,1e+06,400,20,8000,10000,0.8
"710",0.2,0.01,1,2,17.8,100,1e+06,400,20,8000,10000,0.8
"711",0.3,0.01,1,2,18.9,100,1e+06,400,20,8000,10000,0.8
"712",0.1,0.01,1,2,18.9,100,1e+06,400,20,8000,10000,0.8
"713",0.2,0.01,1,2,18,100,1e+06,400,20,8000,10000,0.8
"714",0.3,0.01,1,2,18.2,100,1e+06,400,20,8000,10000,0.8
"715",0.1,0.01,1,2,18.9,100,1e+06,400,20,8000,10000,0.8
"716",0.2,0.01,1,2,18.1,100,1e+06,400,20,8000,10000,0.8
"717",0.3,0.01,1,2,18.6,100,1e+06,400,20,8000,10000,0.8
"718",0.1,0.01,1,2,18.7,100,1e+06,400,20,8000,10000,0.8
"719",0.2,0.01,1,2,18.6,100,1e+06,400,20,8000,10000,0.8
"720",0.3,0.01,1,2,18.7,100,1e+06,400,20,8000,10000,0.8
"721",0.1,0.01,1,2,18.9,100,1e+06,400,20,8000,10000,0.8
"722",0.2,0.01,1,2,19,100,1e+06,400,20,8000,10000,0.8
"723",0.3,0.01,1,2,17.8,100,1e+06,400,20,8000,10000,0.8
"724",0.1,0.01,1,2,18.4,100,1e+06,400,20,8000,10000,0.8
"725",0.2,0.01,1,2,18,100,1e+06,400,20,8000,10000,0.8
"726",0.3,0.01,1,2,18.9,100,1e+06,400,20,8000,10000,0.8
"727",0.1,0.01,1,2,18.1,100,1e+06,400,20,8000,10000,0.8
"728",0.2,0.01,1,2,18.7,100,1e+06,400,20,8000,10000,0.8
"729",0.3,0.01,1,2,18.6,100,1e+06,400,20,8000,10000,0.8
"730",0.1,0.01,1,2,18.4,100,1e+06,400,20,8000,10000,0.8
"731",0.2,0.01,1,2,17.9,100,1e+06,400,20,8000,10000,0.8
"732",0.3,0.01,1,2,18.9,100,1e+06,400,20,8000,10000,0.8
"733",0.1,0.01,1,2,18.6,100,1e+06,400,20,8000,10000,0.8
"734",0.2,0.01,1,2,18.5,100,1e+06,400,20,8000,10000,0.8
"735",0.3,0.01,1,2,18.6,100,1e+06,400,20,8000,10000,0.8
"736",0.1,0.01,1,2,18.9,100,1e+06,400,20,8000,10000,0.8
"737",0.2,0.01,1,2,18.6,100,1e+06,400,20,8000,10000,0.8
"738",0.3,0.01,1,2,18.7,100,1e+06,400,20,8000,10000,0.8
"739",0.1,0.01,1,2,18.8,100,1e+06,400,20,8000,10000,0.8
"740",0.2,0.01,1,2,18.9,100,1e+06,400,20,8000,10000,0.8
"741",0.3,0.01,1,2,18.6,100,1e+06,400,20,8000,10000,0.8
"742",0.1,0.01,1,2,18.7,100,1e+06,400,20,8000,10000,0.8
"743",0.2,0.01,1,2,18.2,100,1e+06,400,20,8000,10000,0.8
"744",0.3,0.01,1,2,18.4,100,1e+06,400,20,8000,10000,0.8
"745",0.1,0.01,1,2,17.9,100,1e+06,400,20,8000,10000,0.8
"746",0.2,0.01,1,2,18.5,100,1e+06,400,20,8000,10000,0.8
"747",0.3,0.01,1,2,18.6,100,1e+06,400,20,8000,10000,0.8
"748",0.1,0.01,1,2,17.7,100,1e+06,400,20,8000,10000,0.8
"749",0.2,0.01,1,2,18.6,100,1e+06,400,20,8000,10000,0.8
"750",0.3,0.01,1,2,17.8,100,1e+06,400,20,8000,10000,0.8
"751",0.1,0.01,2,2,18.6,100,1e+06,400,20,8000,10000,0.8
"752",0.2,0.01,1,2,18.9,100,1e+06,400,20,8000,10000,0.8
"753",0.3,0.01,1,2,18.8,100,1e+06,400,20,8000,10000,0.8
"754",0.1,0.01,1,2,18.7,100,1e+06,400,20,8000,10000,0.8
"755",0.2,0.01,1,2,18.4,100,1e+06,400,20,8000,10000,0.8
"756",0.3,0.01,1,2,17.6,100,1e+06,400,20,8000,10000,0.8
"757",0.1,0.01,1,2,18.7,100,1e+06,400,20,8000,10000,0.8
"758",0.2,0.01,1,2,19,100,1e+06,400,20,8000,10000,0.8
"759",0.3,0.01,1,2,18.4,100,1e+06,400,20,8000,10000,0.8
"760",0.1,0.01,1,2,19,100,1e+06,400,20,8000,10000,0.8
"761",0.2,0.01,1,2,18.3,100,1e+06,400,20,8000,10000,0.8
"762",0.3,0.01,1,2,18.5,100,1e+06,400,20,8000,10000,0.8
"763",0.1,0.01,1,2,18.5,100,1e+06,400,20,8000,10000,0.8
"764",0.2,0.01,1,2,18.4,100,1e+06,400,20,8000,10000,0.8
"765",0.3,0.01,1,2,18.6,100,1e+06,400,20,8000,10000,0.8
"766",0.1,0.01,1,2,18.7,100,1e+06,400,20,8000,10000,0.8
"767",0.2,0.01,1,2,18.4,100,1e+06,400,20,8000,10000,0.8
"768",0.3,0.01,1,2,18.1,100,1e+06,400,20,8000,10000,0.8
"769",0.1,0.01,1,2,18.2,100,1e+06,400,20,8000,10000,0.8
"770",0.2,0.01,1,2,18.7,100,1e+06,400,20,8000,10000,0.8
"771",0.3,0.01,1,2,17.7,100,1e+06,400,20,8000,10000,0.8
"772",0.1,0.01,1,2,18.4,100,1e+06,400,20,8000,10000,0.8
"773",0.2,0.01,1,2,18.6,100,1e+06,400,20,8000,10000,0.8
"774",0.3,0.01,1,2,18.1,100,1e+06,400,20,8000,10000,0.8
"775",0.1,0.01,1,2,18.6,100,1e+06,400,20,8000,10000,0.8
"776",0.2,0.01,1,2,18.6,100,1e+06,400,20,8000,10000,0.8
"777",0.3,0.01,1,2,18.4,100,1e+06,400,20,8000,10000,0.8
"778",0.1,0.01,1,2,17.8,100,1e+06,400,20,8000,10000,0.8
"779",0.2,0.01,1,2,18.4,100,1e+06,400,20,8000,10000,0.8
"780",0.3,0.01,1,2,18.4,100,1e+06,400,20,8000,10000,0.8
"781",0.1,0.01,1,2,18.5,100,1e+06,400,20,8000,10000,0.8
"782",0.2,0.01,1,2,18.2,100,1e+06,400,20,8000,10000,0.8
"783",0.3,0.01,1,2,18.4,100,1e+06,400,20,8000,10000,0.8
"784",0.1,0.01,1,2,18.7,100,1e+06,400,20,8000,10000,0.8
"785",0.2,0.01,1,2,18.5,100,1e+06,400,20,8000,10000,0.8
"786",0.3,0.01,1,2,18.7,100,1e+06,400,20,8000,10000,0.8
"787",0.1,0.01,1,2,18.2,100,1e+06,400,20,8000,10000,0.8
"788",0.2,0.01,1,2,19,100,1e+06,400,20,8000,10000,0.8
"789",0.3,0.01,1,2,18.2,100,1e+06,400,20,8000,10000,0.8
"790",0.1,0.01,1,2,18.5,100,1e+06,400,20,8000,10000,0.8
"791",0.2,0.01,1,2,19,100,1e+06,400,20,8000,10000,0.8
"792",0.3,0.01,1,2,18,100,1e+06,400,20,8000,10000,0.8
"793",0.1,0.01,1,2,17.6,100,1e+06,400,20,8000,10000,0.8
"794",0.2,0.01,1,2,18,100,1e+06,400,20,8000,10000,0.8
"795",0.3,0.01,1,2,18.3,100,1e+06,400,20,8000,10000,0.8
"796",0.1,0.01,1,2,18.7,100,1e+06,400,20,8000,10000,0.8
"797",0.2,0.01,1,2,17.9,100,1e+06,400,20,8000,10000,0.8
"798",0.3,0.01,1,2,18.4,100,1e+06,400,20,8000,10000,0.8
"799",0.1,0.01,1,2,18.9,100,1e+06,400,20,8000,10000,0.8
"800",0.2,0.01,1,2,18.6,100,1e+06,400,20,8000,10000,0.8
"801",0.3,0.01,2,2,18,100,1e+06,400,20,8000,10000,0.8
"802",0.1,0.01,1,2,17.9,100,1e+06,400,20,8000,10000,0.8
"803",0.2,0.01,1,2,18.2,100,1e+06,400,20,8000,10000,0.8
"804",0.3,0.01,1,2,19,100,1e+06,400,20,8000,10000,0.8
"805",0.1,0.01,1,2,18.2,100,1e+06,400,20,8000,10000,0.8
"806",0.2,0.01,1,2,18.8,100,1e+06,400,20,8000,10000,0.8
"807",0.3,0.01,1,2,18.5,100,1e+06,400,20,8000,10000,0.8
"808",0.1,0.01,1,2,17.9,100,1e+06,400,20,8000,10000,0.8
"809",0.2,0.01,1,2,18.3,100,1e+06,400,20,8000,10000,0.8
"810",0.3,0.01,2,2,18.5,100,1e+06,400,20,8000,10000,0.8
"811",0.1,0.01,1,2,17.8,100,1e+06,400,20,8000,10000,0.8
"812",0.2,0.01,1,2,18.6,100,1e+06,400,20,8000,10000,0.8
"813",0.3,0.01,1,2,18.9,100,1e+06,400,20,8000,10000,0.8
"814",0.1,0.01,1,2,18.6,100,1e+06,400,20,8000,10000,0.8
"815",0.2,0.01,1,2,18.2,100,1e+06,400,20,8000,10000,0.8
"816",0.3,0.01,1,2,18.9,100,1e+06,400,20,8000,10000,0.8
"817",0.1,0.01,1,2,17.7,100,1e+06,400,20,8000,10000,0.8
"818",0.2,0.01,1,2,18.7,100,1e+06,400,20,8000,10000,0.8
"819",0.3,0.01,1,2,18.8,100,1e+06,400,20,8000,10000,0.8
"820",0.1,0.01,1,2,18.6,100,1e+06,400,20,8000,10000,0.8
"821",0.2,0.01,1,2,18.9,100,1e+06,400,20,8000,10000,0.8
"822",0.3,0.01,1,2,19,100,1e+06,400,20,8000,10000,0.8
"823",0.1,0.01,1,2,18.8,100,1e+06,400,20,8000,10000,0.8
"824",0.2,0.01,1,2,18.9,100,1e+06,400,20,8000,10000,0.8
"825",0.3,0.01,1,2,18.7,100,1e+06,400,20,8000,10000,0.8
"826",0.1,0.01,1,2,18.8,100,1e+06,400,20,8000,10000,0.8
"827",0.2,0.01,1,2,18.9,100,1e+06,400,20,8000,10000,0.8
"828",0.3,0.01,1,2,18.8,100,1e+06,400,20,8000,10000,0.8
"829",0.1,0.01,1,2,18.6,100,1e+06,400,20,8000,10000,0.8
"830",0.2,0.01,1,2,18.1,100,1e+06,400,20,8000,10000,0.8
"831",0.3,0.01,1,2,18.5,100,1e+06,400,20,8000,10000,0.8
"832",0.1,0.01,1,2,18.5,100,1e+06,400,20,8000,10000,0.8
"833",0.2,0.01,1,2,18.4,100,1e+06,400,20,8000,10000,0.8
"834",0.3,0.01,1,2,18.5,100,1e+06,400,20,8000,10000,0.8
"835",0.1,0.01,1,2,17.4,100,1e+06,400,20,8000,10000,0.8
"836",0.2,0.01,1,2,18.6,100,1e+06,400,20,8000,10000,0.8
"837",0.3,0.01,1,2,18.6,100,1e+06,400,20,8000,10000,0.8
"838",0.1,0.01,1,2,18.7,100,1e+06,400,20,8000,10000,0.8
"839",0.2,0.01,1,2,18.7,100,1e+06,400,20,8000,10000,0.8
"840",0.3,0.01,1,2,19,100,1e+06,400,20,8000,10000,0.8
"841",0.1,0.01,1,2,19,100,1e+06,400,20,8000,10000,0.8
"842",0.2,0.01,1,2,17.7,100,1e+06,400,20,8000,10000,0.8
"843",0.3,0.01,1,2,18.5,100,1e+06,400,20,8000,10000,0.8
"844",0.1,0.01,1,2,18.2,100,1e+06,400,20,8000,10000,0.8
"845",0.2,0.01,1,2,18.3,100,1e+06,400,20,8000,10000,0.8
"846",0.3,0.01,2,2,19,100,1e+06,400,20,8000,10000,0.8
"847",0.1,0.01,1,2,18.5,100,1e+06,400,20,8000,10000,0.8
"848",0.2,0.01,1,2,18.9,100,1e+06,400,20,8000,10000,0.8
"849",0.3,0.01,1,2,18.9,100,1e+06,400,20,8000,10000,0.8
"850",0.1,0.01,1,2,18.4,100,1e+06,400,20,8000,10000,0.8
"851",0.2,0.01,1,2,18.8,100,1e+06,400,20,8000,10000,0.8
"852",0.3,0.01,1,2,18.3,100,1e+06,400,20,8000,10000,0.8
"853",0.1,0.01,1,2,18.5,100,1e+06,400,20,8000,10000,0.8
"854",0.2,0.01,1,2,18.8,100,1e+06,400,20,8000,10000,0.8
"855",0.3,0.01,1,2,19,100,1e+06,400,20,8000,10000,0.8
"856",0.1,0.01,1,2,18.1,100,1e+06,400,20,8000,10000,0.8
"857",0.2,0.01,1,2,18.9,100,1e+06,400,20,8000,10000,0.8
"858",0.3,0.01,1,2,18.7,100,1e+06,400,20,8000,10000,0.8
"859",0.1,0.01,1,2,18.2,100,1e+06,400,20,8000,10000,0.8
"860",0.2,0.01,1,2,18.8,100,1e+06,400,20,8000,10000,0.8
"861",0.3,0.01,1,2,18.9,100,1e+06,400,20,8000,10000,0.8
"862",0.1,0.01,1,2,18.9,100,1e+06,400,20,8000,10000,0.8
"863",0.2,0.01,1,2,18.6,100,1e+06,400,20,8000,10000,0.8
"864",0.3,0.01,1,2,17.8,100,1e+06,400,20,8000,10000,0.8
"865",0.1,0.01,1,2,18.8,100,1e+06,400,20,8000,10000,0.8
"866",0.2,0.01,1,2,18.9,100,1e+06,400,20,8000,10000,0.8
"867",0.3,0.01,1,2,18.6,100,1e+06,400,20,8000,10000,0.8
"868",0.1,0.01,1,2,18.6,100,1e+06,400,20,8000,10000,0.8
"869",0.2,0.01,1,2,18.4,100,1e+06,400,20,8000,10000,0.8
"870",0.3,0.01,1,2,18.5,100,1e+06,400,20,8000,10000,0.8
"871",0.1,0.01,1,2,18.9,100,1e+06,400,20,8000,10000,0.8
"872",0.2,0.01,1,2,19,100,1e+06,400,20,8000,10000,0.8
"873",0.3,0.01,1,2,18.4,100,1e+06,400,20,8000,10000,0.8
"874",0.1,0.01,1,2,18,100,1e+06,400,20,8000,10000,0.8
"875",0.2,0.01,1,2,18.2,100,1e+06,400,20,8000,10000,0.8
"876",0.3,0.01,1,2,18.8,100,1e+06,400,20,8000,10000,0.8
"877",0.1,0.01,1,2,18.1,100,1e+06,400,20,8000,10000,0.8
"878",0.2,0.01,1,2,18.3,100,1e+06,400,20,8000,10000,0.8
"879",0.3,0.01,1,2,18.5,100,1e+06,400,20,8000,10000,0.8
"880",0.1,0.01,1,2,18.7,100,1e+06,400,20,8000,10000,0.8
"881",0.2,0.01,1,2,18.2,100,1e+06,400,20,8000,10000,0.8
"882",0.3,0.01,1,2,18.4,100,1e+06,400,20,8000,10000,0.8
"883",0.1,0.01,1,2,18.9,100,1e+06,400,20,8000,10000,0.8
"884",0.2,0.01,1,2,18.3,100,1e+06,400,20,8000,10000,0.8
"885",0.3,0.01,1,2,18.9,100,1e+06,400,20,8000,10000,0.8
"886",0.1,0.01,1,2,18.8,100,1e+06,400,20,8000,10000,0.8
"887",0.2,0.01,1,2,18.8,100,1e+06,400,20,8000,10000,0.8
"888",0.3,0.01,1,2,18.6,100,1e+06,400,20,8000,10000,0.8
"889",0.1,0.01,1,2,18.9,100,1e+06,400,20,8000,10000,0.8
"890",0.2,0.01,1,2,18.9,100,1e+06,400,20,8000,10000,0.8
"891",0.3,0.01,1,2,18.1,100,1e+06,400,20,8000,10000,0.8
"892",0.1,0.01,1,2,18.9,100,1e+06,400,20,8000,10000,0.8
"893",0.2,0.01,1,2,19,100,1e+06,400,20,8000,10000,0.8
"894",0.3,0.01,1,2,18.6,100,1e+06,400,20,8000,10000,0.8
"895",0.1,0.01,1,2,18.9,100,1e+06,400,20,8000,10000,0.8
"896",0.2,0.01,1,2,18.9,100,1e+06,400,20,8000,10000,0.8
"897",0.3,0.01,1,2,18,100,1e+06,400,20,8000,10000,0.8
"898",0.1,0.01,1,2,18.8,100,1e+06,400,20,8000,10000,0.8
"899",0.2,0.01,1,2,17.1,100,1e+06,400,20,8000,10000,0.8
"900",0.3,0.01,1,2,18.6,100,1e+06,400,20,8000,10000,0.8
"901",0.1,0.01,1,2,14.8,100,1e+06,800,20,16000,20000,0.8
"902",0.2,0.01,1,2,12.6,100,1e+06,800,20,16000,20000,0.8
"903",0.3,0.01,2,2,11.3,100,1e+06,800,20,16000,20000,0.8
"904",0.1,0.01,1,2,14.5,100,1e+06,800,20,16000,20000,0.8
"905",0.2,0.01,2,2,12,100,1e+06,800,20,16000,20000,0.8
"906",0.3,0.01,2,2,15.6,100,1e+06,800,20,16000,20000,0.8
"907",0.1,0.01,1,2,14.5,100,1e+06,800,20,16000,20000,0.8
"908",0.2,0.01,2,2,13.6,100,1e+06,800,20,16000,20000,0.8
"909",0.3,0.01,1,2,14.7,100,1e+06,800,20,16000,20000,0.8
"910",0.1,0.01,1,2,12.9,100,1e+06,800,20,16000,20000,0.8
"911",0.2,0.01,2,2,14,100,1e+06,800,20,16000,20000,0.8
"912",0.3,0.01,2,2,15.1,100,1e+06,800,20,16000,20000,0.8
"913",0.1,0.01,1,2,15.5,100,1e+06,800,20,16000,20000,0.8
"914",0.2,0.01,2,2,16.2,100,1e+06,800,20,16000,20000,0.8
"915",0.3,0.01,1,2,15.9,100,1e+06,800,20,16000,20000,0.8
"916",0.1,0.01,1,2,14.8,100,1e+06,800,20,16000,20000,0.8
"917",0.2,0.01,1,2,16.2,100,1e+06,800,20,16000,20000,0.8
"918",0.3,0.01,2,2,14.4,100,1e+06,800,20,16000,20000,0.8
"919",0.1,0.01,1,2,16.5,100,1e+06,800,20,16000,20000,0.8
"920",0.2,0.01,1,2,14.9,100,1e+06,800,20,16000,20000,0.8
"921",0.3,0.01,2,2,14.5,100,1e+06,800,20,16000,20000,0.8
"922",0.1,0.01,1,2,13,100,1e+06,800,20,16000,20000,0.8
"923",0.2,0.01,1,2,16.3,100,1e+06,800,20,16000,20000,0.8
"924",0.3,0.01,2,2,17.1,100,1e+06,800,20,16000,20000,0.8
"925",0.1,0.01,1,2,14.6,100,1e+06,800,20,16000,20000,0.8
"926",0.2,0.01,1,2,16.7,100,1e+06,800,20,16000,20000,0.8
"927",0.3,0.01,1,2,14.2,100,1e+06,800,20,16000,20000,0.8
"928",0.1,0.01,1,2,14.8,100,1e+06,800,20,16000,20000,0.8
"929",0.2,0.01,1,2,14.7,100,1e+06,800,20,16000,20000,0.8
"930",0.3,0.01,2,2,13.2,100,1e+06,800,20,16000,20000,0.8
"931",0.1,0.01,1,2,15.6,100,1e+06,800,20,16000,20000,0.8
"932",0.2,0.01,1,2,15.8,100,1e+06,800,20,16000,20000,0.8
"933",0.3,0.01,2,2,14.1,100,1e+06,800,20,16000,20000,0.8
"934",0.1,0.01,1,2,12.2,100,1e+06,800,20,16000,20000,0.8
"935",0.2,0.01,1,2,14.8,100,1e+06,800,20,16000,20000,0.8
"936",0.3,0.01,2,2,14.1,100,1e+06,800,20,16000,20000,0.8
"937",0.1,0.01,1,2,13.8,100,1e+06,800,20,16000,20000,0.8
"938",0.2,0.01,1,2,15.4,100,1e+06,800,20,16000,20000,0.8
"939",0.3,0.01,2,2,14.7,100,1e+06,800,20,16000,20000,0.8
"940",0.1,0.01,1,2,12.6,100,1e+06,800,20,16000,20000,0.8
"941",0.2,0.01,1,2,16.5,100,1e+06,800,20,16000,20000,0.8
"942",0.3,0.01,2,2,16.5,100,1e+06,800,20,16000,20000,0.8
"943",0.1,0.01,1,2,12.2,100,1e+06,800,20,16000,20000,0.8
"944",0.2,0.01,2,2,15.6,100,1e+06,800,20,16000,20000,0.8
"945",0.3,0.01,2,2,14,100,1e+06,800,20,16000,20000,0.8
"946",0.1,0.01,1,2,16.1,100,1e+06,800,20,16000,20000,0.8
"947",0.2,0.01,1,2,14.6,100,1e+06,800,20,16000,20000,0.8
"948",0.3,0.01,2,2,14.5,100,1e+06,800,20,16000,20000,0.8
"949",0.1,0.01,1,2,14.2,100,1e+06,800,20,16000,20000,0.8
"950",0.2,0.01,2,2,13.8,100,1e+06,800,20,16000,20000,0.8
"951",0.3,0.01,2,2,14,100,1e+06,800,20,16000,20000,0.8
"952",0.1,0.01,1,2,12.7,100,1e+06,800,20,16000,20000,0.8
"953",0.2,0.01,1,2,11.3,100,1e+06,800,20,16000,20000,0.8
"954",0.3,0.01,1,2,13.3,100,1e+06,800,20,16000,20000,0.8
"955",0.1,0.01,1,2,15.5,100,1e+06,800,20,16000,20000,0.8
"956",0.2,0.01,2,2,12.8,100,1e+06,800,20,16000,20000,0.8
"957",0.3,0.01,1,2,13,100,1e+06,800,20,16000,20000,0.8
"958",0.1,0.01,1,2,16.2,100,1e+06,800,20,16000,20000,0.8
"959",0.2,0.01,1,2,14.4,100,1e+06,800,20,16000,20000,0.8
"960",0.3,0.01,2,2,16,100,1e+06,800,20,16000,20000,0.8
"961",0.1,0.01,1,2,12.7,100,1e+06,800,20,16000,20000,0.8
"962",0.2,0.01,1,2,15.9,100,1e+06,800,20,16000,20000,0.8
"963",0.3,0.01,2,2,11.2,100,1e+06,800,20,16000,20000,0.8
"964",0.1,0.01,1,2,14.9,100,1e+06,800,20,16000,20000,0.8
"965",0.2,0.01,2,2,13.4,100,1e+06,800,20,16000,20000,0.8
"966",0.3,0.01,2,2,15,100,1e+06,800,20,16000,20000,0.8
"967",0.1,0.01,1,2,14.6,100,1e+06,800,20,16000,20000,0.8
"968",0.2,0.01,1,2,13.3,100,1e+06,800,20,16000,20000,0.8
"969",0.3,0.01,2,2,16.4,100,1e+06,800,20,16000,20000,0.8
"970",0.1,0.01,1,2,14,100,1e+06,800,20,16000,20000,0.8
"971",0.2,0.01,2,2,14,100,1e+06,800,20,16000,20000,0.8
"972",0.3,0.01,2,2,12.1,100,1e+06,800,20,16000,20000,0.8
"973",0.1,0.01,1,2,13.5,100,1e+06,800,20,16000,20000,0.8
"974",0.2,0.01,1,2,16.7,100,1e+06,800,20,16000,20000,0.8
"975",0.3,0.01,1,2,12.9,100,1e+06,800,20,16000,20000,0.8
"976",0.1,0.01,1,2,10.6,100,1e+06,800,20,16000,20000,0.8
"977",0.2,0.01,1,2,14.1,100,1e+06,800,20,16000,20000,0.8
"978",0.3,0.01,2,2,14.9,100,1e+06,800,20,16000,20000,0.8
"979",0.1,0.01,1,2,15.5,100,1e+06,800,20,16000,20000,0.8
"980",0.2,0.01,2,2,14.9,100,1e+06,800,20,16000,20000,0.8
"981",0.3,0.01,1,2,15.3,100,1e+06,800,20,16000,20000,0.8
"982",0.1,0.01,1,2,13.2,100,1e+06,800,20,16000,20000,0.8
"983",0.2,0.01,1,2,17.1,100,1e+06,800,20,16000,20000,0.8
"984",0.3,0.01,2,2,13.6,100,1e+06,800,20,16000,20000,0.8
"985",0.1,0.01,1,2,13.7,100,1e+06,800,20,16000,20000,0.8
"986",0.2,0.01,2,2,13.4,100,1e+06,800,20,16000,20000,0.8
"987",0.3,0.01,2,2,12,100,1e+06,800,20,16000,20000,0.8
"988",0.1,0.01,1,2,15.3,100,1e+06,800,20,16000,20000,0.8
"989",0.2,0.01,2,2,14.7,100,1e+06,800,20,16000,20000,0.8
"990",0.3,0.01,1,2,14.5,100,1e+06,800,20,16000,20000,0.8
"991",0.1,0.01,1,2,14.9,100,1e+06,800,20,16000,20000,0.8
"992",0.2,0.01,2,2,17.6,100,1e+06,800,20,16000,20000,0.8
"993",0.3,0.01,1,2,13.2,100,1e+06,800,20,16000,20000,0.8
"994",0.1,0.01,1,2,15.5,100,1e+06,800,20,16000,20000,0.8
"995",0.2,0.01,1,2,13.8,100,1e+06,800,20,16000,20000,0.8
"996",0.3,0.01,2,2,14.2,100,1e+06,800,20,16000,20000,0.8
"997",0.1,0.01,1,2,15.4,100,1e+06,800,20,16000,20000,0.8
"998",0.2,0.01,1,2,15,100,1e+06,800,20,16000,20000,0.8
"999",0.3,0.01,1,2,14.1,100,1e+06,800,20,16000,20000,0.8
"1000",0.1,0.01,1,2,15.6,100,1e+06,800,20,16000,20000,0.8
"1001",0.2,0.01,1,2,13.8,100,1e+06,800,20,16000,20000,0.8
"1002",0.3,0.01,1,2,13.5,100,1e+06,800,20,16000,20000,0.8
"1003",0.1,0.01,1,2,12.8,100,1e+06,800,20,16000,20000,0.8
"1004",0.2,0.01,1,2,12.9,100,1e+06,800,20,16000,20000,0.8
"1005",0.3,0.01,2,2,16,100,1e+06,800,20,16000,20000,0.8
"1006",0.1,0.01,1,2,14.5,100,1e+06,800,20,16000,20000,0.8
"1007",0.2,0.01,2,2,13.2,100,1e+06,800,20,16000,20000,0.8
"1008",0.3,0.01,1,2,14.2,100,1e+06,800,20,16000,20000,0.8
"1009",0.1,0.01,1,2,13.7,100,1e+06,800,20,16000,20000,0.8
"1010",0.2,0.01,1,2,14,100,1e+06,800,20,16000,20000,0.8
"1011",0.3,0.01,1,2,13.1,100,1e+06,800,20,16000,20000,0.8
"1012",0.1,0.01,1,2,15.1,100,1e+06,800,20,16000,20000,0.8
"1013",0.2,0.01,1,2,14.9,100,1e+06,800,20,16000,20000,0.8
"1014",0.3,0.01,1,2,13.8,100,1e+06,800,20,16000,20000,0.8
"1015",0.1,0.01,1,2,15.3,100,1e+06,800,20,16000,20000,0.8
"1016",0.2,0.01,2,2,12.2,100,1e+06,800,20,16000,20000,0.8
"1017",0.3,0.01,2,2,14,100,1e+06,800,20,16000,20000,0.8
"1018",0.1,0.01,1,2,14.6,100,1e+06,800,20,16000,20000,0.8
"1019",0.2,0.01,2,2,11.4,100,1e+06,800,20,16000,20000,0.8
"1020",0.3,0.01,1,2,14.9,100,1e+06,800,20,16000,20000,0.8
"1021",0.1,0.01,1,2,12.6,100,1e+06,800,20,16000,20000,0.8
"1022",0.2,0.01,2,2,15.3,100,1e+06,800,20,16000,20000,0.8
"1023",0.3,0.01,2,2,13.3,100,1e+06,800,20,16000,20000,0.8
"1024",0.1,0.01,1,2,16.1,100,1e+06,800,20,16000,20000,0.8
"1025",0.2,0.01,2,2,14.4,100,1e+06,800,20,16000,20000,0.8
"1026",0.3,0.01,2,2,11.6,100,1e+06,800,20,16000,20000,0.8
"1027",0.1,0.01,1,2,14.4,100,1e+06,800,20,16000,20000,0.8
"1028",0.2,0.01,1,2,13.6,100,1e+06,800,20,16000,20000,0.8
"1029",0.3,0.01,2,2,13.9,100,1e+06,800,20,16000,20000,0.8
"1030",0.1,0.01,1,2,16.1,100,1e+06,800,20,16000,20000,0.8
"1031",0.2,0.01,1,2,14.6,100,1e+06,800,20,16000,20000,0.8
"1032",0.3,0.01,2,2,15.6,100,1e+06,800,20,16000,20000,0.8
"1033",0.1,0.01,1,2,12.5,100,1e+06,800,20,16000,20000,0.8
"1034",0.2,0.01,1,2,14.2,100,1e+06,800,20,16000,20000,0.8
"1035",0.3,0.01,2,2,15.2,100,1e+06,800,20,16000,20000,0.8
"1036",0.1,0.01,1,2,13.1,100,1e+06,800,20,16000,20000,0.8
"1037",0.2,0.01,2,2,16.7,100,1e+06,800,20,16000,20000,0.8
"1038",0.3,0.01,1,2,14.8,100,1e+06,800,20,16000,20000,0.8
"1039",0.1,0.01,1,2,16.2,100,1e+06,800,20,16000,20000,0.8
"1040",0.2,0.01,1,2,16.1,100,1e+06,800,20,16000,20000,0.8
"1041",0.3,0.01,1,2,15,100,1e+06,800,20,16000,20000,0.8
"1042",0.1,0.01,1,2,10.9,100,1e+06,800,20,16000,20000,0.8
"1043",0.2,0.01,1,2,14.9,100,1e+06,800,20,16000,20000,0.8
"1044",0.3,0.01,1,2,14.7,100,1e+06,800,20,16000,20000,0.8
"1045",0.1,0.01,1,2,12.4,100,1e+06,800,20,16000,20000,0.8
"1046",0.2,0.01,1,2,12.5,100,1e+06,800,20,16000,20000,0.8
"1047",0.3,0.01,2,2,12.4,100,1e+06,800,20,16000,20000,0.8
"1048",0.1,0.01,1,2,14.2,100,1e+06,800,20,16000,20000,0.8
"1049",0.2,0.01,2,2,13.8,100,1e+06,800,20,16000,20000,0.8
"1050",0.3,0.01,2,2,16.5,100,1e+06,800,20,16000,20000,0.8
"1051",0.1,0.01,1,2,13.1,100,1e+06,800,20,16000,20000,0.8
"1052",0.2,0.01,1,2,13.1,100,1e+06,800,20,16000,20000,0.8
"1053",0.3,0.01,1,2,11.5,100,1e+06,800,20,16000,20000,0.8
"1054",0.1,0.01,1,2,16.1,100,1e+06,800,20,16000,20000,0.8
"1055",0.2,0.01,2,2,13.9,100,1e+06,800,20,16000,20000,0.8
"1056",0.3,0.01,2,2,12.9,100,1e+06,800,20,16000,20000,0.8
"1057",0.1,0.01,1,2,14.9,100,1e+06,800,20,16000,20000,0.8
"1058",0.2,0.01,2,2,13.8,100,1e+06,800,20,16000,20000,0.8
"1059",0.3,0.01,2,2,14.7,100,1e+06,800,20,16000,20000,0.8
"1060",0.1,0.01,1,2,15.5,100,1e+06,800,20,16000,20000,0.8
"1061",0.2,0.01,1,2,12,100,1e+06,800,20,16000,20000,0.8
"1062",0.3,0.01,2,2,14.8,100,1e+06,800,20,16000,20000,0.8
"1063",0.1,0.01,1,2,15.4,100,1e+06,800,20,16000,20000,0.8
"1064",0.2,0.01,1,2,14.5,100,1e+06,800,20,16000,20000,0.8
"1065",0.3,0.01,2,2,12.8,100,1e+06,800,20,16000,20000,0.8
"1066",0.1,0.01,1,2,13.8,100,1e+06,800,20,16000,20000,0.8
"1067",0.2,0.01,2,2,13.2,100,1e+06,800,20,16000,20000,0.8
"1068",0.3,0.01,1,2,11.7,100,1e+06,800,20,16000,20000,0.8
"1069",0.1,0.01,1,2,14.8,100,1e+06,800,20,16000,20000,0.8
"1070",0.2,0.01,1,2,12.7,100,1e+06,800,20,16000,20000,0.8
"1071",0.3,0.01,2,2,13.9,100,1e+06,800,20,16000,20000,0.8
"1072",0.1,0.01,1,2,16.4,100,1e+06,800,20,16000,20000,0.8
"1073",0.2,0.01,2,2,13.6,100,1e+06,800,20,16000,20000,0.8
"1074",0.3,0.01,2,2,13.2,100,1e+06,800,20,16000,20000,0.8
"1075",0.1,0.01,1,2,12.4,100,1e+06,800,20,16000,20000,0.8
"1076",0.2,0.01,2,2,14.9,100,1e+06,800,20,16000,20000,0.8
"1077",0.3,0.01,2,2,14.7,100,1e+06,800,20,16000,20000,0.8
"1078",0.1,0.01,1,2,16.6,100,1e+06,800,20,16000,20000,0.8
"1079",0.2,0.01,1,2,15.1,100,1e+06,800,20,16000,20000,0.8
"1080",0.3,0.01,2,2,15.4,100,1e+06,800,20,16000,20000,0.8
"1081",0.1,0.01,1,2,15.1,100,1e+06,800,20,16000,20000,0.8
"1082",0.2,0.01,1,2,12.2,100,1e+06,800,20,16000,20000,0.8
"1083",0.3,0.01,2,2,16.3,100,1e+06,800,20,16000,20000,0.8
"1084",0.1,0.01,1,2,13.6,100,1e+06,800,20,16000,20000,0.8
"1085",0.2,0.01,1,2,12.6,100,1e+06,800,20,16000,20000,0.8
"1086",0.3,0.01,1,2,14.1,100,1e+06,800,20,16000,20000,0.8
"1087",0.1,0.01,1,2,12.7,100,1e+06,800,20,16000,20000,0.8
"1088",0.2,0.01,1,2,14.2,100,1e+06,800,20,16000,20000,0.8
"1089",0.3,0.01,1,2,11.2,100,1e+06,800,20,16000,20000,0.8
"1090",0.1,0.01,1,2,14.4,100,1e+06,800,20,16000,20000,0.8
"1091",0.2,0.01,1,2,13.2,100,1e+06,800,20,16000,20000,0.8
"1092",0.3,0.01,2,2,15.3,100,1e+06,800,20,16000,20000,0.8
"1093",0.1,0.01,1,2,12.4,100,1e+06,800,20,16000,20000,0.8
"1094",0.2,0.01,2,2,13.5,100,1e+06,800,20,16000,20000,0.8
"1095",0.3,0.01,2,2,16.1,100,1e+06,800,20,16000,20000,0.8
"1096",0.1,0.01,1,2,16.6,100,1e+06,800,20,16000,20000,0.8
"1097",0.2,0.01,1,2,14.1,100,1e+06,800,20,16000,20000,0.8
"1098",0.3,0.01,2,2,12.8,100,1e+06,800,20,16000,20000,0.8
"1099",0.1,0.01,1,2,16.3,100,1e+06,800,20,16000,20000,0.8
"1100",0.2,0.01,2,2,16.1,100,1e+06,800,20,16000,20000,0.8
"1101",0.3,0.01,1,2,14,100,1e+06,800,20,16000,20000,0.8
"1102",0.1,0.01,1,2,14.9,100,1e+06,800,20,16000,20000,0.8
"1103",0.2,0.01,2,2,16.3,100,1e+06,800,20,16000,20000,0.8
"1104",0.3,0.01,1,2,12.5,100,1e+06,800,20,16000,20000,0.8
"1105",0.1,0.01,1,2,13.8,100,1e+06,800,20,16000,20000,0.8
"1106",0.2,0.01,1,2,15.5,100,1e+06,800,20,16000,20000,0.8
"1107",0.3,0.01,1,2,15.6,100,1e+06,800,20,16000,20000,0.8
"1108",0.1,0.01,1,2,13.3,100,1e+06,800,20,16000,20000,0.8
"1109",0.2,0.01,1,2,13,100,1e+06,800,20,16000,20000,0.8
"1110",0.3,0.01,2,2,15.7,100,1e+06,800,20,16000,20000,0.8
"1111",0.1,0.01,1,2,13.7,100,1e+06,800,20,16000,20000,0.8
"1112",0.2,0.01,1,2,14.3,100,1e+06,800,20,16000,20000,0.8
"1113",0.3,0.01,1,2,16.2,100,1e+06,800,20,16000,20000,0.8
"1114",0.1,0.01,1,2,15.1,100,1e+06,800,20,16000,20000,0.8
"1115",0.2,0.01,1,2,12.6,100,1e+06,800,20,16000,20000,0.8
"1116",0.3,0.01,1,2,15,100,1e+06,800,20,16000,20000,0.8
"1117",0.1,0.01,1,2,15.3,100,1e+06,800,20,16000,20000,0.8
"1118",0.2,0.01,1,2,13.5,100,1e+06,800,20,16000,20000,0.8
"1119",0.3,0.01,2,2,13.3,100,1e+06,800,20,16000,20000,0.8
"1120",0.1,0.01,1,2,14.6,100,1e+06,800,20,16000,20000,0.8
"1121",0.2,0.01,1,2,14.4,100,1e+06,800,20,16000,20000,0.8
"1122",0.3,0.01,2,2,14.7,100,1e+06,800,20,16000,20000,0.8
"1123",0.1,0.01,1,2,13.2,100,1e+06,800,20,16000,20000,0.8
"1124",0.2,0.01,1,2,12.5,100,1e+06,800,20,16000,20000,0.8
"1125",0.3,0.01,2,2,13.7,100,1e+06,800,20,16000,20000,0.8
"1126",0.1,0.01,1,2,14.2,100,1e+06,800,20,16000,20000,0.8
"1127",0.2,0.01,2,2,15.1,100,1e+06,800,20,16000,20000,0.8
"1128",0.3,0.01,2,2,13.9,100,1e+06,800,20,16000,20000,0.8
"1129",0.1,0.01,1,2,14.1,100,1e+06,800,20,16000,20000,0.8
"1130",0.2,0.01,2,2,14.5,100,1e+06,800,20,16000,20000,0.8
"1131",0.3,0.01,1,2,15.5,100,1e+06,800,20,16000,20000,0.8
"1132",0.1,0.01,1,2,12,100,1e+06,800,20,16000,20000,0.8
"1133",0.2,0.01,1,2,14,100,1e+06,800,20,16000,20000,0.8
"1134",0.3,0.01,2,2,13.4,100,1e+06,800,20,16000,20000,0.8
"1135",0.1,0.01,1,2,16.3,100,1e+06,800,20,16000,20000,0.8
"1136",0.2,0.01,2,2,13.9,100,1e+06,800,20,16000,20000,0.8
"1137",0.3,0.01,2,2,14,100,1e+06,800,20,16000,20000,0.8
"1138",0.1,0.01,1,2,12.2,100,1e+06,800,20,16000,20000,0.8
"1139",0.2,0.01,1,2,13.3,100,1e+06,800,20,16000,20000,0.8
"1140",0.3,0.01,2,2,11.8,100,1e+06,800,20,16000,20000,0.8
"1141",0.1,0.01,1,2,16.2,100,1e+06,800,20,16000,20000,0.8
"1142",0.2,0.01,1,2,12.5,100,1e+06,800,20,16000,20000,0.8
"1143",0.3,0.01,2,2,16.1,100,1e+06,800,20,16000,20000,0.8
"1144",0.1,0.01,1,2,14.3,100,1e+06,800,20,16000,20000,0.8
"1145",0.2,0.01,2,2,12.7,100,1e+06,800,20,16000,20000,0.8
"1146",0.3,0.01,1,2,11.5,100,1e+06,800,20,16000,20000,0.8
"1147",0.1,0.01,1,2,15.3,100,1e+06,800,20,16000,20000,0.8
"1148",0.2,0.01,2,2,13.8,100,1e+06,800,20,16000,20000,0.8
"1149",0.3,0.01,2,2,14.3,100,1e+06,800,20,16000,20000,0.8
"1150",0.1,0.01,1,2,13.9,100,1e+06,800,20,16000,20000,0.8
"1151",0.2,0.01,1,2,13.9,100,1e+06,800,20,16000,20000,0.8
"1152",0.3,0.01,2,2,12.2,100,1e+06,800,20,16000,20000,0.8
"1153",0.1,0.01,1,2,15.6,100,1e+06,800,20,16000,20000,0.8
"1154",0.2,0.01,1,2,12.1,100,1e+06,800,20,16000,20000,0.8
"1155",0.3,0.01,2,2,16.4,100,1e+06,800,20,16000,20000,0.8
"1156",0.1,0.01,1,2,15.6,100,1e+06,800,20,16000,20000,0.8
"1157",0.2,0.01,1,2,13.9,100,1e+06,800,20,16000,20000,0.8
"1158",0.3,0.01,1,2,14,100,1e+06,800,20,16000,20000,0.8
"1159",0.1,0.01,1,2,16.8,100,1e+06,800,20,16000,20000,0.8
"1160",0.2,0.01,1,2,11.5,100,1e+06,800,20,16000,20000,0.8
"1161",0.3,0.01,2,2,14.6,100,1e+06,800,20,16000,20000,0.8
"1162",0.1,0.01,1,2,12.9,100,1e+06,800,20,16000,20000,0.8
"1163",0.2,0.01,2,2,16.8,100,1e+06,800,20,16000,20000,0.8
"1164",0.3,0.01,2,2,16,100,1e+06,800,20,16000,20000,0.8
"1165",0.1,0.01,1,2,10.4,100,1e+06,800,20,16000,20000,0.8
"1166",0.2,0.01,2,2,14.2,100,1e+06,800,20,16000,20000,0.8
"1167",0.3,0.01,2,2,14,100,1e+06,800,20,16000,20000,0.8
"1168",0.1,0.01,1,2,15.4,100,1e+06,800,20,16000,20000,0.8
"1169",0.2,0.01,2,2,15,100,1e+06,800,20,16000,20000,0.8
"1170",0.3,0.01,1,2,13.2,100,1e+06,800,20,16000,20000,0.8
"1171",0.1,0.01,1,2,13.7,100,1e+06,800,20,16000,20000,0.8
"1172",0.2,0.01,1,2,14,100,1e+06,800,20,16000,20000,0.8
"1173",0.3,0.01,2,2,15.9,100,1e+06,800,20,16000,20000,0.8
"1174",0.1,0.01,1,2,15,100,1e+06,800,20,16000,20000,0.8
"1175",0.2,0.01,1,2,12.3,100,1e+06,800,20,16000,20000,0.8
"1176",0.3,0.01,2,2,16.7,100,1e+06,800,20,16000,20000,0.8
"1177",0.1,0.01,1,2,13.3,100,1e+06,800,20,16000,20000,0.8
"1178",0.2,0.01,2,2,16.9,100,1e+06,800,20,16000,20000,0.8
"1179",0.3,0.01,2,2,11.5,100,1e+06,800,20,16000,20000,0.8
"1180",0.1,0.01,1,2,12.5,100,1e+06,800,20,16000,20000,0.8
"1181",0.2,0.01,1,2,15.8,100,1e+06,800,20,16000,20000,0.8
"1182",0.3,0.01,2,2,14,100,1e+06,800,20,16000,20000,0.8
"1183",0.1,0.01,1,2,15.4,100,1e+06,800,20,16000,20000,0.8
"1184",0.2,0.01,1,2,14.4,100,1e+06,800,20,16000,20000,0.8
"1185",0.3,0.01,1,2,13.7,100,1e+06,800,20,16000,20000,0.8
"1186",0.1,0.01,1,2,12.3,100,1e+06,800,20,16000,20000,0.8
"1187",0.2,0.01,1,2,14.4,100,1e+06,800,20,16000,20000,0.8
"1188",0.3,0.01,2,2,12.9,100,1e+06,800,20,16000,20000,0.8
"1189",0.1,0.01,1,2,13.1,100,1e+06,800,20,16000,20000,0.8
"1190",0.2,0.01,1,2,13.8,100,1e+06,800,20,16000,20000,0.8
"1191",0.3,0.01,2,2,14.5,100,1e+06,800,20,16000,20000,0.8
"1192",0.1,0.01,1,2,15.5,100,1e+06,800,20,16000,20000,0.8
"1193",0.2,0.01,1,2,13.7,100,1e+06,800,20,16000,20000,0.8
"1194",0.3,0.01,2,2,15.7,100,1e+06,800,20,16000,20000,0.8
"1195",0.1,0.01,1,2,16.2,100,1e+06,800,20,16000,20000,0.8
"1196",0.2,0.01,2,2,15.1,100,1e+06,800,20,16000,20000,0.8
"1197",0.3,0.01,1,2,15.9,100,1e+06,800,20,16000,20000,0.8
"1198",0.1,0.01,1,2,14.5,100,1e+06,800,20,16000,20000,0.8
"1199",0.2,0.01,2,2,15.3,100,1e+06,800,20,16000,20000,0.8
"1200",0.3,0.01,2,2,15.9,100,1e+06,800,20,16000,20000,0.8
"1201",0.1,0.01,2,2,8.9,100,1e+06,1600,20,32000,40000,0.8
"1202",0.2,0.01,2,2,7.6,100,1e+06,1600,20,32000,40000,0.8
"1203",0.3,0.01,2,2,9.3,100,1e+06,1600,20,32000,40000,0.8
"1204",0.1,0.01,1,2,10.9,100,1e+06,1600,20,32000,40000,0.8
"1205",0.2,0.01,2,2,8.3,100,1e+06,1600,20,32000,40000,0.8
"1206",0.3,0.01,2,2,8.4,100,1e+06,1600,20,32000,40000,0.8
"1207",0.1,0.01,2,2,10,100,1e+06,1600,20,32000,40000,0.8
"1208",0.2,0.01,2,2,9.6,100,1e+06,1600,20,32000,40000,0.8
"1209",0.3,0.01,2,2,9.8,100,1e+06,1600,20,32000,40000,0.8
"1210",0.1,0.01,1,2,12.3,100,1e+06,1600,20,32000,40000,0.8
"1211",0.2,0.01,2,2,9.5,100,1e+06,1600,20,32000,40000,0.8
"1212",0.3,0.01,2,2,10.2,100,1e+06,1600,20,32000,40000,0.8
"1213",0.1,0.01,1,2,8.3,100,1e+06,1600,20,32000,40000,0.8
"1214",0.2,0.01,2,2,7.4,100,1e+06,1600,20,32000,40000,0.8
"1215",0.3,0.01,2,2,10.9,100,1e+06,1600,20,32000,40000,0.8
"1216",0.1,0.01,2,2,11,100,1e+06,1600,20,32000,40000,0.8
"1217",0.2,0.01,2,2,8.2,100,1e+06,1600,20,32000,40000,0.8
"1218",0.3,0.01,2,2,9.5,100,1e+06,1600,20,32000,40000,0.8
"1219",0.1,0.01,2,2,10.3,100,1e+06,1600,20,32000,40000,0.8
"1220",0.2,0.01,2,2,7.5,100,1e+06,1600,20,32000,40000,0.8
"1221",0.3,0.01,2,2,9.5,100,1e+06,1600,20,32000,40000,0.8
"1222",0.1,0.01,2,2,8,100,1e+06,1600,20,32000,40000,0.8
"1223",0.2,0.01,2,2,11.1,100,1e+06,1600,20,32000,40000,0.8
"1224",0.3,0.01,2,2,9.2,100,1e+06,1600,20,32000,40000,0.8
"1225",0.1,0.01,2,2,8,100,1e+06,1600,20,32000,40000,0.8
"1226",0.2,0.01,2,2,10,100,1e+06,1600,20,32000,40000,0.8
"1227",0.3,0.01,2,2,9.9,100,1e+06,1600,20,32000,40000,0.8
"1228",0.1,0.01,2,2,8.7,100,1e+06,1600,20,32000,40000,0.8
"1229",0.2,0.01,2,2,8.3,100,1e+06,1600,20,32000,40000,0.8
"1230",0.3,0.01,2,2,7.6,100,1e+06,1600,20,32000,40000,0.8
"1231",0.1,0.01,1,2,9.7,100,1e+06,1600,20,32000,40000,0.8
"1232",0.2,0.01,2,2,10.4,100,1e+06,1600,20,32000,40000,0.8
"1233",0.3,0.01,2,2,9.5,100,1e+06,1600,20,32000,40000,0.8
"1234",0.1,0.01,1,2,9.3,100,1e+06,1600,20,32000,40000,0.8
"1235",0.2,0.01,2,2,10.4,100,1e+06,1600,20,32000,40000,0.8
"1236",0.3,0.01,2,2,7.5,100,1e+06,1600,20,32000,40000,0.8
"1237",0.1,0.01,2,2,9.1,100,1e+06,1600,20,32000,40000,0.8
"1238",0.2,0.01,2,2,9.1,100,1e+06,1600,20,32000,40000,0.8
"1239",0.3,0.01,2,2,10.3,100,1e+06,1600,20,32000,40000,0.8
"1240",0.1,0.01,2,2,7.9,100,1e+06,1600,20,32000,40000,0.8
"1241",0.2,0.01,2,2,8.6,100,1e+06,1600,20,32000,40000,0.8
"1242",0.3,0.01,2,2,10.3,100,1e+06,1600,20,32000,40000,0.8
"1243",0.1,0.01,2,2,7.4,100,1e+06,1600,20,32000,40000,0.8
"1244",0.2,0.01,2,2,7.7,100,1e+06,1600,20,32000,40000,0.8
"1245",0.3,0.01,2,2,8.5,100,1e+06,1600,20,32000,40000,0.8
"1246",0.1,0.01,1,2,8.4,100,1e+06,1600,20,32000,40000,0.8
"1247",0.2,0.01,2,2,9.6,100,1e+06,1600,20,32000,40000,0.8
"1248",0.3,0.01,2,2,8.6,100,1e+06,1600,20,32000,40000,0.8
"1249",0.1,0.01,2,2,9.8,100,1e+06,1600,20,32000,40000,0.8
"1250",0.2,0.01,2,2,9.3,100,1e+06,1600,20,32000,40000,0.8
"1251",0.3,0.01,2,2,9.9,100,1e+06,1600,20,32000,40000,0.8
"1252",0.1,0.01,1,2,11.2,100,1e+06,1600,20,32000,40000,0.8
"1253",0.2,0.01,2,2,8.6,100,1e+06,1600,20,32000,40000,0.8
"1254",0.3,0.01,2,2,8.6,100,1e+06,1600,20,32000,40000,0.8
"1255",0.1,0.01,1,2,8.6,100,1e+06,1600,20,32000,40000,0.8
"1256",0.2,0.01,2,2,7.9,100,1e+06,1600,20,32000,40000,0.8
"1257",0.3,0.01,2,2,9.1,100,1e+06,1600,20,32000,40000,0.8
"1258",0.1,0.01,1,2,9.5,100,1e+06,1600,20,32000,40000,0.8
"1259",0.2,0.01,2,2,7.3,100,1e+06,1600,20,32000,40000,0.8
"1260",0.3,0.01,2,2,8.8,100,1e+06,1600,20,32000,40000,0.8
"1261",0.1,0.01,2,2,9.6,100,1e+06,1600,20,32000,40000,0.8
"1262",0.2,0.01,2,2,8.8,100,1e+06,1600,20,32000,40000,0.8
"1263",0.3,0.01,2,2,10.2,100,1e+06,1600,20,32000,40000,0.8
"1264",0.1,0.01,1,2,9,100,1e+06,1600,20,32000,40000,0.8
"1265",0.2,0.01,2,2,9,100,1e+06,1600,20,32000,40000,0.8
"1266",0.3,0.01,2,2,10.2,100,1e+06,1600,20,32000,40000,0.8
"1267",0.1,0.01,2,2,9.6,100,1e+06,1600,20,32000,40000,0.8
"1268",0.2,0.01,1,2,9.1,100,1e+06,1600,20,32000,40000,0.8
"1269",0.3,0.01,2,2,8.5,100,1e+06,1600,20,32000,40000,0.8
"1270",0.1,0.01,1,2,9.4,100,1e+06,1600,20,32000,40000,0.8
"1271",0.2,0.01,2,2,12.8,100,1e+06,1600,20,32000,40000,0.8
"1272",0.3,0.01,2,2,12.2,100,1e+06,1600,20,32000,40000,0.8
"1273",0.1,0.01,2,2,9.1,100,1e+06,1600,20,32000,40000,0.8
"1274",0.2,0.01,2,2,8.4,100,1e+06,1600,20,32000,40000,0.8
"1275",0.3,0.01,2,2,10.9,100,1e+06,1600,20,32000,40000,0.8
"1276",0.1,0.01,1,2,9.4,100,1e+06,1600,20,32000,40000,0.8
"1277",0.2,0.01,2,2,9.7,100,1e+06,1600,20,32000,40000,0.8
"1278",0.3,0.01,2,2,9.7,100,1e+06,1600,20,32000,40000,0.8
"1279",0.1,0.01,1,2,10.5,100,1e+06,1600,20,32000,40000,0.8
"1280",0.2,0.01,2,2,12.2,100,1e+06,1600,20,32000,40000,0.8
"1281",0.3,0.01,2,2,9.3,100,1e+06,1600,20,32000,40000,0.8
"1282",0.1,0.01,1,2,8.2,100,1e+06,1600,20,32000,40000,0.8
"1283",0.2,0.01,2,2,10.2,100,1e+06,1600,20,32000,40000,0.8
"1284",0.3,0.01,2,2,10.7,100,1e+06,1600,20,32000,40000,0.8
"1285",0.1,0.01,2,2,9.5,100,1e+06,1600,20,32000,40000,0.8
"1286",0.2,0.01,2,2,10.3,100,1e+06,1600,20,32000,40000,0.8
"1287",0.3,0.01,2,2,11.1,100,1e+06,1600,20,32000,40000,0.8
"1288",0.1,0.01,1,2,7.4,100,1e+06,1600,20,32000,40000,0.8
"1289",0.2,0.01,2,2,9.6,100,1e+06,1600,20,32000,40000,0.8
"1290",0.3,0.01,2,2,9.7,100,1e+06,1600,20,32000,40000,0.8
"1291",0.1,0.01,1,2,8.6,100,1e+06,1600,20,32000,40000,0.8
"1292",0.2,0.01,2,2,10.8,100,1e+06,1600,20,32000,40000,0.8
"1293",0.3,0.01,2,2,11,100,1e+06,1600,20,32000,40000,0.8
"1294",0.1,0.01,2,2,9,100,1e+06,1600,20,32000,40000,0.8
"1295",0.2,0.01,2,2,8.4,100,1e+06,1600,20,32000,40000,0.8
"1296",0.3,0.01,2,2,8.2,100,1e+06,1600,20,32000,40000,0.8
"1297",0.1,0.01,2,2,8.5,100,1e+06,1600,20,32000,40000,0.8
"1298",0.2,0.01,1,2,7.8,100,1e+06,1600,20,32000,40000,0.8
"1299",0.3,0.01,2,2,9.4,100,1e+06,1600,20,32000,40000,0.8
"1300",0.1,0.01,1,2,9.3,100,1e+06,1600,20,32000,40000,0.8
"1301",0.2,0.01,2,2,11.7,100,1e+06,1600,20,32000,40000,0.8
"1302",0.3,0.01,2,2,8.5,100,1e+06,1600,20,32000,40000,0.8
"1303",0.1,0.01,1,2,9.6,100,1e+06,1600,20,32000,40000,0.8
"1304",0.2,0.01,2,2,9.1,100,1e+06,1600,20,32000,40000,0.8
"1305",0.3,0.01,2,2,9.9,100,1e+06,1600,20,32000,40000,0.8
"1306",0.1,0.01,1,2,NA,100,1e+06,1600,20,32000,40000,0.8
"1307",0.2,0.01,2,2,10,100,1e+06,1600,20,32000,40000,0.8
"1308",0.3,0.01,2,2,8.8,100,1e+06,1600,20,32000,40000,0.8
"1309",0.1,0.01,2,2,9.9,100,1e+06,1600,20,32000,40000,0.8
"1310",0.2,0.01,2,2,11.7,100,1e+06,1600,20,32000,40000,0.8
"1311",0.3,0.01,2,2,10,100,1e+06,1600,20,32000,40000,0.8
"1312",0.1,0.01,2,2,10.2,100,1e+06,1600,20,32000,40000,0.8
"1313",0.2,0.01,2,2,8.9,100,1e+06,1600,20,32000,40000,0.8
"1314",0.3,0.01,2,2,10.6,100,1e+06,1600,20,32000,40000,0.8
"1315",0.1,0.01,2,2,9.9,100,1e+06,1600,20,32000,40000,0.8
"1316",0.2,0.01,2,2,7.2,100,1e+06,1600,20,32000,40000,0.8
"1317",0.3,0.01,2,2,8.7,100,1e+06,1600,20,32000,40000,0.8
"1318",0.1,0.01,1,2,8.2,100,1e+06,1600,20,32000,40000,0.8
"1319",0.2,0.01,2,2,8.8,100,1e+06,1600,20,32000,40000,0.8
"1320",0.3,0.01,2,2,8.5,100,1e+06,1600,20,32000,40000,0.8
"1321",0.1,0.01,2,2,7.2,100,1e+06,1600,20,32000,40000,0.8
"1322",0.2,0.01,2,2,7.9,100,1e+06,1600,20,32000,40000,0.8
"1323",0.3,0.01,2,2,10.1,100,1e+06,1600,20,32000,40000,0.8
"1324",0.1,0.01,2,2,8.1,100,1e+06,1600,20,32000,40000,0.8
"1325",0.2,0.01,2,2,9.9,100,1e+06,1600,20,32000,40000,0.8
"1326",0.3,0.01,2,2,10.5,100,1e+06,1600,20,32000,40000,0.8
"1327",0.1,0.01,2,2,11.7,100,1e+06,1600,20,32000,40000,0.8
"1328",0.2,0.01,2,2,8.4,100,1e+06,1600,20,32000,40000,0.8
"1329",0.3,0.01,2,2,8.7,100,1e+06,1600,20,32000,40000,0.8
"1330",0.1,0.01,1,2,7.7,100,1e+06,1600,20,32000,40000,0.8
"1331",0.2,0.01,2,2,8.3,100,1e+06,1600,20,32000,40000,0.8
"1332",0.3,0.01,2,2,8.4,100,1e+06,1600,20,32000,40000,0.8
"1333",0.1,0.01,1,2,8.1,100,1e+06,1600,20,32000,40000,0.8
"1334",0.2,0.01,2,2,9.5,100,1e+06,1600,20,32000,40000,0.8
"1335",0.3,0.01,2,2,9.7,100,1e+06,1600,20,32000,40000,0.8
"1336",0.1,0.01,2,2,8.5,100,1e+06,1600,20,32000,40000,0.8
"1337",0.2,0.01,2,2,9.4,100,1e+06,1600,20,32000,40000,0.8
"1338",0.3,0.01,2,2,10.3,100,1e+06,1600,20,32000,40000,0.8
"1339",0.1,0.01,2,2,8.7,100,1e+06,1600,20,32000,40000,0.8
"1340",0.2,0.01,2,2,8.7,100,1e+06,1600,20,32000,40000,0.8
"1341",0.3,0.01,2,2,10.1,100,1e+06,1600,20,32000,40000,0.8
"1342",0.1,0.01,1,2,7.5,100,1e+06,1600,20,32000,40000,0.8
"1343",0.2,0.01,2,2,9.1,100,1e+06,1600,20,32000,40000,0.8
"1344",0.3,0.01,2,2,10.4,100,1e+06,1600,20,32000,40000,0.8
"1345",0.1,0.01,1,2,12.7,100,1e+06,1600,20,32000,40000,0.8
"1346",0.2,0.01,2,2,9.6,100,1e+06,1600,20,32000,40000,0.8
"1347",0.3,0.01,2,2,9,100,1e+06,1600,20,32000,40000,0.8
"1348",0.1,0.01,1,2,10.7,100,1e+06,1600,20,32000,40000,0.8
"1349",0.2,0.01,2,2,7.8,100,1e+06,1600,20,32000,40000,0.8
"1350",0.3,0.01,2,2,9.2,100,1e+06,1600,20,32000,40000,0.8
"1351",0.1,0.01,1,2,9.9,100,1e+06,1600,20,32000,40000,0.8
"1352",0.2,0.01,2,2,10.2,100,1e+06,1600,20,32000,40000,0.8
"1353",0.3,0.01,2,2,8.1,100,1e+06,1600,20,32000,40000,0.8
"1354",0.1,0.01,1,2,9.7,100,1e+06,1600,20,32000,40000,0.8
"1355",0.2,0.01,2,2,10.2,100,1e+06,1600,20,32000,40000,0.8
"1356",0.3,0.01,2,2,7.1,100,1e+06,1600,20,32000,40000,0.8
"1357",0.1,0.01,2,2,7.7,100,1e+06,1600,20,32000,40000,0.8
"1358",0.2,0.01,2,2,8.8,100,1e+06,1600,20,32000,40000,0.8
"1359",0.3,0.01,2,2,9.2,100,1e+06,1600,20,32000,40000,0.8
"1360",0.1,0.01,2,2,8.1,100,1e+06,1600,20,32000,40000,0.8
"1361",0.2,0.01,2,2,9,100,1e+06,1600,20,32000,40000,0.8
"1362",0.3,0.01,2,2,9.9,100,1e+06,1600,20,32000,40000,0.8
"1363",0.1,0.01,2,2,NA,100,1e+06,1600,20,32000,40000,0.8
"1364",0.2,0.01,2,2,11.3,100,1e+06,1600,20,32000,40000,0.8
"1365",0.3,0.01,2,2,10,100,1e+06,1600,20,32000,40000,0.8
"1366",0.1,0.01,2,2,10.5,100,1e+06,1600,20,32000,40000,0.8
"1367",0.2,0.01,2,2,9.2,100,1e+06,1600,20,32000,40000,0.8
"1368",0.3,0.01,2,2,11.8,100,1e+06,1600,20,32000,40000,0.8
"1369",0.1,0.01,1,2,10.2,100,1e+06,1600,20,32000,40000,0.8
"1370",0.2,0.01,2,2,9.3,100,1e+06,1600,20,32000,40000,0.8
"1371",0.3,0.01,2,2,10.2,100,1e+06,1600,20,32000,40000,0.8
"1372",0.1,0.01,2,2,8.8,100,1e+06,1600,20,32000,40000,0.8
"1373",0.2,0.01,2,2,10.2,100,1e+06,1600,20,32000,40000,0.8
"1374",0.3,0.01,2,2,11.4,100,1e+06,1600,20,32000,40000,0.8
"1375",0.1,0.01,2,2,8.8,100,1e+06,1600,20,32000,40000,0.8
"1376",0.2,0.01,2,2,9.5,100,1e+06,1600,20,32000,40000,0.8
"1377",0.3,0.01,2,2,7.1,100,1e+06,1600,20,32000,40000,0.8
"1378",0.1,0.01,2,2,10.7,100,1e+06,1600,20,32000,40000,0.8
"1379",0.2,0.01,2,2,8,100,1e+06,1600,20,32000,40000,0.8
"1380",0.3,0.01,2,2,9.8,100,1e+06,1600,20,32000,40000,0.8
"1381",0.1,0.01,2,2,10.7,100,1e+06,1600,20,32000,40000,0.8
"1382",0.2,0.01,2,2,8.1,100,1e+06,1600,20,32000,40000,0.8
"1383",0.3,0.01,2,2,8.8,100,1e+06,1600,20,32000,40000,0.8
"1384",0.1,0.01,2,2,8,100,1e+06,1600,20,32000,40000,0.8
"1385",0.2,0.01,2,2,9.3,100,1e+06,1600,20,32000,40000,0.8
"1386",0.3,0.01,2,2,9.1,100,1e+06,1600,20,32000,40000,0.8
"1387",0.1,0.01,2,2,9.1,100,1e+06,1600,20,32000,40000,0.8
"1388",0.2,0.01,2,2,8,100,1e+06,1600,20,32000,40000,0.8
"1389",0.3,0.01,2,2,11.3,100,1e+06,1600,20,32000,40000,0.8
"1390",0.1,0.01,2,2,8.4,100,1e+06,1600,20,32000,40000,0.8
"1391",0.2,0.01,2,2,9.3,100,1e+06,1600,20,32000,40000,0.8
"1392",0.3,0.01,2,2,10.1,100,1e+06,1600,20,32000,40000,0.8
"1393",0.1,0.01,2,2,7.7,100,1e+06,1600,20,32000,40000,0.8
"1394",0.2,0.01,2,2,9.5,100,1e+06,1600,20,32000,40000,0.8
"1395",0.3,0.01,2,2,9.3,100,1e+06,1600,20,32000,40000,0.8
"1396",0.1,0.01,2,2,11.3,100,1e+06,1600,20,32000,40000,0.8
"1397",0.2,0.01,2,2,10,100,1e+06,1600,20,32000,40000,0.8
"1398",0.3,0.01,2,2,9.8,100,1e+06,1600,20,32000,40000,0.8
"1399",0.1,0.01,1,2,9.2,100,1e+06,1600,20,32000,40000,0.8
"1400",0.2,0.01,2,2,12.6,100,1e+06,1600,20,32000,40000,0.8
"1401",0.3,0.01,2,2,10.6,100,1e+06,1600,20,32000,40000,0.8
"1402",0.1,0.01,2,2,8.3,100,1e+06,1600,20,32000,40000,0.8
"1403",0.2,0.01,2,2,9.3,100,1e+06,1600,20,32000,40000,0.8
"1404",0.3,0.01,2,2,7.3,100,1e+06,1600,20,32000,40000,0.8
"1405",0.1,0.01,1,2,10.1,100,1e+06,1600,20,32000,40000,0.8
"1406",0.2,0.01,2,2,9.6,100,1e+06,1600,20,32000,40000,0.8
"1407",0.3,0.01,2,2,10,100,1e+06,1600,20,32000,40000,0.8
"1408",0.1,0.01,1,2,8.8,100,1e+06,1600,20,32000,40000,0.8
"1409",0.2,0.01,2,2,10.6,100,1e+06,1600,20,32000,40000,0.8
"1410",0.3,0.01,2,2,6.8,100,1e+06,1600,20,32000,40000,0.8
"1411",0.1,0.01,1,2,10.9,100,1e+06,1600,20,32000,40000,0.8
"1412",0.2,0.01,2,2,8.2,100,1e+06,1600,20,32000,40000,0.8
"1413",0.3,0.01,2,2,10,100,1e+06,1600,20,32000,40000,0.8
"1414",0.1,0.01,2,2,8.7,100,1e+06,1600,20,32000,40000,0.8
"1415",0.2,0.01,2,2,8.2,100,1e+06,1600,20,32000,40000,0.8
"1416",0.3,0.01,2,2,8.5,100,1e+06,1600,20,32000,40000,0.8
"1417",0.1,0.01,2,2,10.8,100,1e+06,1600,20,32000,40000,0.8
"1418",0.2,0.01,2,2,11.7,100,1e+06,1600,20,32000,40000,0.8
"1419",0.3,0.01,2,2,9.5,100,1e+06,1600,20,32000,40000,0.8
"1420",0.1,0.01,2,2,8.6,100,1e+06,1600,20,32000,40000,0.8
"1421",0.2,0.01,2,2,8.2,100,1e+06,1600,20,32000,40000,0.8
"1422",0.3,0.01,2,2,8.4,100,1e+06,1600,20,32000,40000,0.8
"1423",0.1,0.01,1,2,13.2,100,1e+06,1600,20,32000,40000,0.8
"1424",0.2,0.01,2,2,7.9,100,1e+06,1600,20,32000,40000,0.8
"1425",0.3,0.01,2,2,10.9,100,1e+06,1600,20,32000,40000,0.8
"1426",0.1,0.01,1,2,8.2,100,1e+06,1600,20,32000,40000,0.8
"1427",0.2,0.01,2,2,8.8,100,1e+06,1600,20,32000,40000,0.8
"1428",0.3,0.01,2,2,8.3,100,1e+06,1600,20,32000,40000,0.8
"1429",0.1,0.01,2,2,11.1,100,1e+06,1600,20,32000,40000,0.8
"1430",0.2,0.01,2,2,7.6,100,1e+06,1600,20,32000,40000,0.8
"1431",0.3,0.01,2,2,8.6,100,1e+06,1600,20,32000,40000,0.8
"1432",0.1,0.01,1,2,9.2,100,1e+06,1600,20,32000,40000,0.8
"1433",0.2,0.01,2,2,8.7,100,1e+06,1600,20,32000,40000,0.8
"1434",0.3,0.01,2,2,10.2,100,1e+06,1600,20,32000,40000,0.8
"1435",0.1,0.01,2,2,8.7,100,1e+06,1600,20,32000,40000,0.8
"1436",0.2,0.01,2,2,7.7,100,1e+06,1600,20,32000,40000,0.8
"1437",0.3,0.01,2,2,9.8,100,1e+06,1600,20,32000,40000,0.8
"1438",0.1,0.01,1,2,10.2,100,1e+06,1600,20,32000,40000,0.8
"1439",0.2,0.01,1,2,9.4,100,1e+06,1600,20,32000,40000,0.8
"1440",0.3,0.01,2,2,9.4,100,1e+06,1600,20,32000,40000,0.8
"1441",0.1,0.01,2,2,8.4,100,1e+06,1600,20,32000,40000,0.8
"1442",0.2,0.01,2,2,6.5,100,1e+06,1600,20,32000,40000,0.8
"1443",0.3,0.01,2,2,10,100,1e+06,1600,20,32000,40000,0.8
"1444",0.1,0.01,1,2,9.5,100,1e+06,1600,20,32000,40000,0.8
"1445",0.2,0.01,2,2,9.5,100,1e+06,1600,20,32000,40000,0.8
"1446",0.3,0.01,2,2,10.7,100,1e+06,1600,20,32000,40000,0.8
"1447",0.1,0.01,1,2,7.4,100,1e+06,1600,20,32000,40000,0.8
"1448",0.2,0.01,2,2,10.1,100,1e+06,1600,20,32000,40000,0.8
"1449",0.3,0.01,2,2,9.4,100,1e+06,1600,20,32000,40000,0.8
"1450",0.1,0.01,1,2,8.2,100,1e+06,1600,20,32000,40000,0.8
"1451",0.2,0.01,1,2,9.5,100,1e+06,1600,20,32000,40000,0.8
"1452",0.3,0.01,2,2,8.6,100,1e+06,1600,20,32000,40000,0.8
"1453",0.1,0.01,2,2,7.5,100,1e+06,1600,20,32000,40000,0.8
"1454",0.2,0.01,2,2,8.7,100,1e+06,1600,20,32000,40000,0.8
"1455",0.3,0.01,2,2,8,100,1e+06,1600,20,32000,40000,0.8
"1456",0.1,0.01,2,2,10.2,100,1e+06,1600,20,32000,40000,0.8
"1457",0.2,0.01,2,2,7.9,100,1e+06,1600,20,32000,40000,0.8
"1458",0.3,0.01,2,2,9.5,100,1e+06,1600,20,32000,40000,0.8
"1459",0.1,0.01,2,2,9.2,100,1e+06,1600,20,32000,40000,0.8
"1460",0.2,0.01,2,2,9.3,100,1e+06,1600,20,32000,40000,0.8
"1461",0.3,0.01,2,2,9.1,100,1e+06,1600,20,32000,40000,0.8
"1462",0.1,0.01,2,2,10.9,100,1e+06,1600,20,32000,40000,0.8
"1463",0.2,0.01,2,2,9.4,100,1e+06,1600,20,32000,40000,0.8
"1464",0.3,0.01,2,2,10.2,100,1e+06,1600,20,32000,40000,0.8
"1465",0.1,0.01,1,2,7.3,100,1e+06,1600,20,32000,40000,0.8
"1466",0.2,0.01,2,2,8.1,100,1e+06,1600,20,32000,40000,0.8
"1467",0.3,0.01,2,2,9.3,100,1e+06,1600,20,32000,40000,0.8
"1468",0.1,0.01,2,2,10.6,100,1e+06,1600,20,32000,40000,0.8
"1469",0.2,0.01,2,2,7.5,100,1e+06,1600,20,32000,40000,0.8
"1470",0.3,0.01,2,2,7.2,100,1e+06,1600,20,32000,40000,0.8
"1471",0.1,0.01,2,2,10.3,100,1e+06,1600,20,32000,40000,0.8
"1472",0.2,0.01,2,2,9.7,100,1e+06,1600,20,32000,40000,0.8
"1473",0.3,0.01,2,2,7.8,100,1e+06,1600,20,32000,40000,0.8
"1474",0.1,0.01,2,2,NA,100,1e+06,1600,20,32000,40000,0.8
"1475",0.2,0.01,2,2,10.5,100,1e+06,1600,20,32000,40000,0.8
"1476",0.3,0.01,2,2,6.7,100,1e+06,1600,20,32000,40000,0.8
"1477",0.1,0.01,1,2,9.5,100,1e+06,1600,20,32000,40000,0.8
"1478",0.2,0.01,2,2,8.5,100,1e+06,1600,20,32000,40000,0.8
"1479",0.3,0.01,2,2,10.9,100,1e+06,1600,20,32000,40000,0.8
"1480",0.1,0.01,1,2,9.3,100,1e+06,1600,20,32000,40000,0.8
"1481",0.2,0.01,2,2,8.8,100,1e+06,1600,20,32000,40000,0.8
"1482",0.3,0.01,2,2,12.5,100,1e+06,1600,20,32000,40000,0.8
"1483",0.1,0.01,2,2,8.8,100,1e+06,1600,20,32000,40000,0.8
"1484",0.2,0.01,2,2,7.1,100,1e+06,1600,20,32000,40000,0.8
"1485",0.3,0.01,2,2,NA,100,1e+06,1600,20,32000,40000,0.8
"1486",0.1,0.01,1,2,9.9,100,1e+06,1600,20,32000,40000,0.8
"1487",0.2,0.01,2,2,7.6,100,1e+06,1600,20,32000,40000,0.8
"1488",0.3,0.01,2,2,8.1,100,1e+06,1600,20,32000,40000,0.8
"1489",0.1,0.01,2,2,9.9,100,1e+06,1600,20,32000,40000,0.8
"1490",0.2,0.01,2,2,8.4,100,1e+06,1600,20,32000,40000,0.8
"1491",0.3,0.01,2,2,7.4,100,1e+06,1600,20,32000,40000,0.8
"1492",0.1,0.01,1,2,12.8,100,1e+06,1600,20,32000,40000,0.8
"1493",0.2,0.01,2,2,8.6,100,1e+06,1600,20,32000,40000,0.8
"1494",0.3,0.01,2,2,10.5,100,1e+06,1600,20,32000,40000,0.8
"1495",0.1,0.01,1,2,8,100,1e+06,1600,20,32000,40000,0.8
"1496",0.2,0.01,1,2,10.9,100,1e+06,1600,20,32000,40000,0.8
"1497",0.3,0.01,2,2,7.8,100,1e+06,1600,20,32000,40000,0.8
"1498",0.1,0.01,2,2,8.4,100,1e+06,1600,20,32000,40000,0.8
"1499",0.2,0.01,2,2,6.6,100,1e+06,1600,20,32000,40000,0.8
"1500",0.3,0.01,2,2,9.7,100,1e+06,1600,20,32000,40000,0.8
