"","scholarRefs","colonySize","mass","distrSize","rand","AIC","boot","lambda","attempt","predictors","beta.(Intercept)","beta.scholarRefs","beta.colonySize","beta.mass","beta.distrSize","beta.rand","dAIC","weight"
"1",FALSE,FALSE,FALSE,FALSE,FALSE,520.265320289691,1,0.00464527815230029,1,"1",1.93918011339344,NA,NA,NA,NA,NA,46.8246893818308,3.9934149479458e-12
"2",TRUE,FALSE,FALSE,FALSE,FALSE,473.44063090786,1,NA,NA,"scholarRefs",1.94059405940594,1.11756349715679,0.99925806285002,0.346203271514843,1.09269386684859,-0.206153613336405,0,0.0587755290402204
"3",FALSE,TRUE,FALSE,FALSE,FALSE,501.38648249923,1,0.094714248384361,1,"colonySize",1.91276300351775,NA,1.38986765378395,NA,NA,NA,27.9458515913693,5.02148278095265e-08
"4",FALSE,FALSE,TRUE,FALSE,FALSE,522.280545127747,1,0.0314616565339621,1,"mass",1.93608480745715,NA,NA,0.164524386674176,NA,NA,48.8399142198862,1.45795434914856e-12
"5",FALSE,FALSE,FALSE,TRUE,FALSE,473.44063090786,1,NA,NA,"distrSize",1.94059405940594,1.11756349715679,0.99925806285002,0.346203271514843,1.09269386684859,-0.206153613336405,0,0.0587755290402204
"6",FALSE,FALSE,FALSE,FALSE,TRUE,520.815680994914,1,0.0123780275859493,1,"rand",1.94048823220111,NA,NA,NA,NA,0.382161283919237,47.3750500870532,3.03273965908675e-12
"7",TRUE,TRUE,FALSE,FALSE,FALSE,483.87985128887,1,0.105418903315811,1,"scholarRefs + colonySize",1.88132064168639,1.19837605250599,1.14369313241574,NA,NA,NA,10.43922038101,3.17942542970492e-04
"8",TRUE,FALSE,TRUE,FALSE,FALSE,499.84375867073,1,0.0793383998374127,1,"scholarRefs + mass",1.94701434522982,1.44788361492553,NA,0.439877058843556,NA,NA,26.4031277628692,1.0860009388747e-07
"9",TRUE,FALSE,FALSE,TRUE,FALSE,490.755903215337,1,0.0621870823658104,1,"scholarRefs + distrSize",1.7564116940373,1.31652619036819,NA,NA,0.947498904059705,NA,17.315272307477,1.02148722363732e-05
"10",TRUE,FALSE,FALSE,FALSE,TRUE,473.44063090786,1,NA,NA,"scholarRefs + rand",1.94059405940594,1.11756349715679,0.99925806285002,0.346203271514843,1.09269386684859,-0.206153613336405,0,0.0587755290402204
"11",FALSE,TRUE,TRUE,FALSE,FALSE,503.421634835548,1,0.0784511632014985,1,"colonySize + mass",1.8935915410316,NA,1.40426419800033,-0.136420713084538,NA,NA,29.9810039276879,1.81511549013636e-08
"12",FALSE,TRUE,FALSE,TRUE,FALSE,473.44063090786,1,NA,NA,"colonySize + distrSize",1.94059405940594,1.11756349715679,0.99925806285002,0.346203271514843,1.09269386684859,-0.206153613336405,0,0.0587755290402204
"13",FALSE,TRUE,FALSE,FALSE,TRUE,502.489111224029,1,0.0935031843344247,1,"colonySize + rand",1.93191521940789,NA,1.36719062523952,NA,NA,0.279607604674365,29.0484803161687,2.89333814314815e-08
"14",FALSE,FALSE,TRUE,TRUE,FALSE,473.44063090786,1,NA,NA,"mass + distrSize",1.94059405940594,1.11756349715679,0.99925806285002,0.346203271514843,1.09269386684859,-0.206153613336405,0,0.0587755290402204
"15",FALSE,FALSE,TRUE,FALSE,TRUE,522.926944235723,1,0.0234772740377576,1,"mass + rand",1.94207417568956,NA,NA,0.0745290251709043,NA,0.377224337415911,49.4863133278623,1.0553102172695e-12
"16",FALSE,FALSE,FALSE,TRUE,TRUE,473.44063090786,1,NA,NA,"distrSize + rand",1.94059405940594,1.11756349715679,0.99925806285002,0.346203271514843,1.09269386684859,-0.206153613336405,0,0.0587755290402204
"17",TRUE,TRUE,TRUE,FALSE,FALSE,485.959895792163,1,0.120340592781049,1,"scholarRefs + colonySize + mass",1.904378335967,1.20730766749932,1.12736645956661,0.122413644715349,NA,NA,12.519264884303,1.12375779832856e-04
"18",TRUE,TRUE,FALSE,TRUE,FALSE,473.44063090786,1,NA,NA,"scholarRefs + colonySize + distrSize",1.94059405940594,1.11756349715679,0.99925806285002,0.346203271514843,1.09269386684859,-0.206153613336405,0,0.0587755290402204
"19",TRUE,TRUE,FALSE,FALSE,TRUE,484.127621493946,1,0.104495371509912,1,"scholarRefs + colonySize + rand",1.9053433783474,1.21883285315353,1.11200312261348,NA,NA,0.347241371872199,10.6869905860858,2.80896305437698e-04
"20",TRUE,FALSE,TRUE,TRUE,FALSE,473.44063090786,1,NA,NA,"scholarRefs + mass + distrSize",1.94059405940594,1.11756349715679,0.99925806285002,0.346203271514843,1.09269386684859,-0.206153613336405,0,0.0587755290402204
"21",TRUE,FALSE,TRUE,FALSE,TRUE,499.713190739963,1,0.075730578788385,1,"scholarRefs + mass + rand",1.95872992857872,1.46098763016016,NA,0.373949316229704,NA,0.412580208830309,26.272559832103,1.15926484676117e-07
"22",TRUE,FALSE,FALSE,TRUE,TRUE,473.44063090786,1,NA,NA,"scholarRefs + distrSize + rand",1.94059405940594,1.11756349715679,0.99925806285002,0.346203271514843,1.09269386684859,-0.206153613336405,0,0.0587755290402204
"23",FALSE,TRUE,TRUE,TRUE,FALSE,473.44063090786,1,NA,NA,"colonySize + mass + distrSize",1.94059405940594,1.11756349715679,0.99925806285002,0.346203271514843,1.09269386684859,-0.206153613336405,0,0.0587755290402204
"24",FALSE,TRUE,TRUE,FALSE,TRUE,504.483841077412,1,0.0710285594214456,1,"colonySize + mass + rand",1.90550461798345,NA,1.3859992238804,-0.190313243323728,NA,0.293298498157818,31.0432101695512,1.06720808888445e-08
"25",FALSE,TRUE,FALSE,TRUE,TRUE,473.44063090786,1,NA,NA,"colonySize + distrSize + rand",1.94059405940594,1.11756349715679,0.99925806285002,0.346203271514843,1.09269386684859,-0.206153613336405,0,0.0587755290402204
"26",FALSE,FALSE,TRUE,TRUE,TRUE,473.44063090786,1,NA,NA,"mass + distrSize + rand",1.94059405940594,1.11756349715679,0.99925806285002,0.346203271514843,1.09269386684859,-0.206153613336405,0,0.0587755290402204
"27",TRUE,TRUE,TRUE,TRUE,FALSE,473.44063090786,1,NA,NA,"scholarRefs + colonySize + mass + distrSize",1.94059405940594,1.11756349715679,0.99925806285002,0.346203271514843,1.09269386684859,-0.206153613336405,0,0.0587755290402204
"28",TRUE,TRUE,TRUE,FALSE,TRUE,486.311811788452,1,0.112959849065018,1,"scholarRefs + colonySize + mass + rand",1.91882296114359,1.22399061989919,1.10281505845546,0.0711219898375773,NA,0.34296899211968,12.8711808805917,9.42443082120603e-05
"29",TRUE,TRUE,FALSE,TRUE,TRUE,473.44063090786,1,NA,NA,"scholarRefs + colonySize + distrSize + rand",1.94059405940594,1.11756349715679,0.99925806285002,0.346203271514843,1.09269386684859,-0.206153613336405,0,0.0587755290402204
"30",TRUE,FALSE,TRUE,TRUE,TRUE,473.44063090786,1,NA,NA,"scholarRefs + mass + distrSize + rand",1.94059405940594,1.11756349715679,0.99925806285002,0.346203271514843,1.09269386684859,-0.206153613336405,0,0.0587755290402204
"31",FALSE,TRUE,TRUE,TRUE,TRUE,473.44063090786,1,NA,NA,"colonySize + mass + distrSize + rand",1.94059405940594,1.11756349715679,0.99925806285002,0.346203271514843,1.09269386684859,-0.206153613336405,0,0.0587755290402204
"32",TRUE,TRUE,TRUE,TRUE,TRUE,473.44063090786,1,NA,NA,"scholarRefs + colonySize + mass + distrSize + rand",1.94059405940594,1.11756349715679,0.99925806285002,0.346203271514843,1.09269386684859,-0.206153613336405,0,0.0587755290402204
"33",FALSE,FALSE,FALSE,FALSE,FALSE,520.265320289691,2,0.00464527815230029,1,"1",1.93918011339344,NA,NA,NA,NA,NA,46.8246893818308,4.21720473281697e-12
"34",TRUE,FALSE,FALSE,FALSE,FALSE,473.44063090786,2,NA,NA,"scholarRefs",1.94059405940594,1.11756349715679,0.99925806285002,0.346203271514843,1.09269386684859,-0.206153613336405,0,0.0620692921905703
"35",FALSE,TRUE,FALSE,FALSE,FALSE,501.38648249923,2,0.094714248384361,1,"colonySize",1.91276300351775,NA,1.38986765378395,NA,NA,NA,27.9458515913693,5.30288518113692e-08
"36",FALSE,FALSE,TRUE,FALSE,FALSE,522.280545127747,2,0.0314616565339621,1,"mass",1.93608480745715,NA,NA,0.164524386674176,NA,NA,48.8399142198862,1.53965767685203e-12
"37",FALSE,FALSE,FALSE,TRUE,FALSE,473.44063090786,2,NA,NA,"distrSize",1.94059405940594,1.11756349715679,0.99925806285002,0.346203271514843,1.09269386684859,-0.206153613336405,0,0.0620692921905703
"38",FALSE,FALSE,FALSE,FALSE,TRUE,520.584138937387,2,-0.00497555050643483,1,"rand",1.94064234533464,NA,NA,NA,NA,0.411949955274508,47.1435080295268,3.59578813901144e-12
"39",TRUE,TRUE,FALSE,FALSE,FALSE,483.87985128887,2,0.105418903315811,1,"scholarRefs + colonySize",1.88132064168639,1.19837605250599,1.14369313241574,NA,NA,NA,10.43922038101,3.35759948429286e-04
"40",TRUE,FALSE,TRUE,FALSE,FALSE,499.84375867073,2,0.0793383998374127,1,"scholarRefs + mass",1.94701434522982,1.44788361492553,NA,0.439877058843556,NA,NA,26.4031277628692,1.14686010819435e-07
"41",TRUE,FALSE,FALSE,TRUE,FALSE,490.755903215337,2,0.0621870823658104,1,"scholarRefs + distrSize",1.7564116940373,1.31652619036819,NA,NA,0.947498904059705,NA,17.315272307477,1.07873106356035e-05
"42",TRUE,FALSE,FALSE,FALSE,TRUE,478.465071760664,2,-0.0452046715516242,1,"scholarRefs + rand",1.97284493284138,1.45574650678406,NA,NA,NA,0.461732477430562,5.02444085280354,0.00503307410018771
"43",FALSE,TRUE,TRUE,FALSE,FALSE,503.421634835548,2,0.0784511632014985,1,"colonySize + mass",1.8935915410316,NA,1.40426419800033,-0.136420713084538,NA,NA,29.9810039276879,1.91683402185641e-08
"44",FALSE,TRUE,FALSE,TRUE,FALSE,473.44063090786,2,NA,NA,"colonySize + distrSize",1.94059405940594,1.11756349715679,0.99925806285002,0.346203271514843,1.09269386684859,-0.206153613336405,0,0.0620692921905703
"45",FALSE,TRUE,FALSE,FALSE,TRUE,500.47699948857,2,0.0900767429341035,1,"colonySize + rand",1.91424726342035,NA,1.42112735712961,NA,NA,0.475864878290743,27.0363685807092,8.35610618768264e-08
"46",FALSE,FALSE,TRUE,TRUE,FALSE,473.44063090786,2,NA,NA,"mass + distrSize",1.94059405940594,1.11756349715679,0.99925806285002,0.346203271514843,1.09269386684859,-0.206153613336405,0,0.0620692921905703
"47",FALSE,FALSE,TRUE,FALSE,TRUE,473.44063090786,2,NA,NA,"mass + rand",1.94059405940594,1.11756349715679,0.99925806285002,0.346203271514843,1.09269386684859,-0.206153613336405,0,0.0620692921905703
"48",FALSE,FALSE,FALSE,TRUE,TRUE,473.44063090786,2,NA,NA,"distrSize + rand",1.94059405940594,1.11756349715679,0.99925806285002,0.346203271514843,1.09269386684859,-0.206153613336405,0,0.0620692921905703
"49",TRUE,TRUE,TRUE,FALSE,FALSE,485.959895792163,2,0.120340592781049,1,"scholarRefs + colonySize + mass",1.904378335967,1.20730766749932,1.12736645956661,0.122413644715349,NA,NA,12.519264884303,1.18673285081206e-04
"50",TRUE,TRUE,FALSE,TRUE,FALSE,473.44063090786,2,NA,NA,"scholarRefs + colonySize + distrSize",1.94059405940594,1.11756349715679,0.99925806285002,0.346203271514843,1.09269386684859,-0.206153613336405,0,0.0620692921905703
"51",TRUE,TRUE,FALSE,FALSE,TRUE,481.624523126687,2,0.103286236680912,1,"scholarRefs + colonySize + rand",1.880303665477,1.2187752869049,1.17581861882483,NA,NA,0.518942654208226,8.18389221882683,0.00103697235217886
"52",TRUE,FALSE,TRUE,TRUE,FALSE,473.44063090786,2,NA,NA,"scholarRefs + mass + distrSize",1.94059405940594,1.11756349715679,0.99925806285002,0.346203271514843,1.09269386684859,-0.206153613336405,0,0.0620692921905703
"53",TRUE,FALSE,TRUE,FALSE,TRUE,499.317851170506,2,0.0609362816143683,1,"scholarRefs + mass + rand",1.93846873215467,1.46676031305418,NA,0.377345905875411,NA,0.443894986187697,25.8772202626457,1.49179727458631e-07
"54",TRUE,FALSE,FALSE,TRUE,TRUE,490.879330362584,2,0.0736671775002151,1,"scholarRefs + distrSize + rand",1.73570398536891,1.34359713005572,NA,NA,0.915982618029554,0.370393154000297,17.4386994547235,1.01417130990665e-05
"55",FALSE,TRUE,TRUE,TRUE,FALSE,473.44063090786,2,NA,NA,"colonySize + mass + distrSize",1.94059405940594,1.11756349715679,0.99925806285002,0.346203271514843,1.09269386684859,-0.206153613336405,0,0.0620692921905703
"56",FALSE,TRUE,TRUE,FALSE,TRUE,502.420696828094,2,0.0653603068319121,1,"colonySize + mass + rand",1.88860887491587,NA,1.44419751443871,-0.207733601922307,NA,0.48955667607038,28.9800659202334,3.16180757608596e-08
"57",FALSE,TRUE,FALSE,TRUE,TRUE,473.44063090786,2,NA,NA,"colonySize + distrSize + rand",1.94059405940594,1.11756349715679,0.99925806285002,0.346203271514843,1.09269386684859,-0.206153613336405,0,0.0620692921905703
"58",FALSE,FALSE,TRUE,TRUE,TRUE,473.44063090786,2,NA,NA,"mass + distrSize + rand",1.94059405940594,1.11756349715679,0.99925806285002,0.346203271514843,1.09269386684859,-0.206153613336405,0,0.0620692921905703
"59",TRUE,TRUE,TRUE,TRUE,FALSE,473.44063090786,2,NA,NA,"scholarRefs + colonySize + mass + distrSize",1.94059405940594,1.11756349715679,0.99925806285002,0.346203271514843,1.09269386684859,-0.206153613336405,0,0.0620692921905703
"60",TRUE,TRUE,TRUE,FALSE,TRUE,483.822861607308,2,0.108906083319952,1,"scholarRefs + colonySize + mass + rand",1.88963690017314,1.22257419276287,1.16861956311843,0.0501574641448328,NA,0.516047781976533,10.3822306994475,3.4546498984214e-04
"61",TRUE,TRUE,FALSE,TRUE,TRUE,473.44063090786,2,NA,NA,"scholarRefs + colonySize + distrSize + rand",1.94059405940594,1.11756349715679,0.99925806285002,0.346203271514843,1.09269386684859,-0.206153613336405,0,0.0620692921905703
"62",TRUE,FALSE,TRUE,TRUE,TRUE,473.44063090786,2,NA,NA,"scholarRefs + mass + distrSize + rand",1.94059405940594,1.11756349715679,0.99925806285002,0.346203271514843,1.09269386684859,-0.206153613336405,0,0.0620692921905703
"63",FALSE,TRUE,TRUE,TRUE,TRUE,473.44063090786,2,NA,NA,"colonySize + mass + distrSize + rand",1.94059405940594,1.11756349715679,0.99925806285002,0.346203271514843,1.09269386684859,-0.206153613336405,0,0.0620692921905703
"64",TRUE,TRUE,TRUE,TRUE,TRUE,473.44063090786,2,NA,NA,"scholarRefs + colonySize + mass + distrSize + rand",1.94059405940594,1.11756349715679,0.99925806285002,0.346203271514843,1.09269386684859,-0.206153613336405,0,0.0620692921905703
"65",FALSE,FALSE,FALSE,FALSE,FALSE,520.265320289691,3,0.00464527815230029,1,"1",1.93918011339344,NA,NA,NA,NA,NA,49.0848438991065,3.75254817492052e-12
"66",TRUE,FALSE,FALSE,FALSE,FALSE,473.44063090786,3,NA,NA,"scholarRefs",1.94059405940594,1.11756349715679,0.99925806285002,0.346203271514843,1.09269386684859,-0.206153613336405,2.26015451727579,0.0552304248631417
"67",FALSE,TRUE,FALSE,FALSE,FALSE,501.38648249923,3,0.094714248384361,1,"colonySize",1.91276300351775,NA,1.38986765378395,NA,NA,NA,30.2060061086451,4.71860707957525e-08
"68",FALSE,FALSE,TRUE,FALSE,FALSE,522.280545127747,3,0.0314616565339621,1,"mass",1.93608480745715,NA,NA,0.164524386674176,NA,NA,51.100068737162,1.37001639031505e-12
"69",FALSE,FALSE,FALSE,TRUE,FALSE,473.44063090786,3,NA,NA,"distrSize",1.94059405940594,1.11756349715679,0.99925806285002,0.346203271514843,1.09269386684859,-0.206153613336405,2.26015451727579,0.0552304248631417
"70",FALSE,FALSE,FALSE,FALSE,TRUE,522.314294774432,3,0.00410346768213439,1,"rand",1.93929168711316,NA,NA,NA,NA,0.0561235499156321,51.1338183838477,1.34709157585142e-12
"71",TRUE,TRUE,FALSE,FALSE,FALSE,483.87985128887,3,0.105418903315811,1,"scholarRefs + colonySize",1.88132064168639,1.19837605250599,1.14369313241574,NA,NA,NA,12.6993748982858,2.98765523970214e-04
"72",TRUE,FALSE,TRUE,FALSE,FALSE,499.84375867073,3,0.0793383998374127,1,"scholarRefs + mass",1.94701434522982,1.44788361492553,NA,0.439877058843556,NA,NA,28.663282280145,1.0204977179325e-07
"73",TRUE,FALSE,FALSE,TRUE,FALSE,490.755903215337,3,0.0621870823658104,1,"scholarRefs + distrSize",1.7564116940373,1.31652619036819,NA,NA,0.947498904059705,NA,19.5754268247528,9.59875211249118e-06
"74",TRUE,FALSE,FALSE,FALSE,TRUE,473.44063090786,3,NA,NA,"scholarRefs + rand",1.94059405940594,1.11756349715679,0.99925806285002,0.346203271514843,1.09269386684859,-0.206153613336405,2.26015451727579,0.0552304248631417
"75",FALSE,TRUE,TRUE,FALSE,FALSE,503.421634835548,3,0.0784511632014985,1,"colonySize + mass",1.8935915410316,NA,1.40426419800033,-0.136420713084538,NA,NA,32.2411584449637,1.70563500376661e-08
"76",FALSE,TRUE,FALSE,TRUE,FALSE,473.44063090786,3,NA,NA,"colonySize + distrSize",1.94059405940594,1.11756349715679,0.99925806285002,0.346203271514843,1.09269386684859,-0.206153613336405,2.26015451727579,0.0552304248631417
"77",FALSE,TRUE,FALSE,FALSE,TRUE,503.511439697664,3,0.0947160056507016,1,"colonySize + rand",1.91272706781347,NA,1.38983079558838,NA,NA,0.00111284951309543,32.3309633070799,1.63074187052422e-08
"78",FALSE,FALSE,TRUE,TRUE,FALSE,473.44063090786,3,NA,NA,"mass + distrSize",1.94059405940594,1.11756349715679,0.99925806285002,0.346203271514843,1.09269386684859,-0.206153613336405,2.26015451727579,0.0552304248631417
"79",FALSE,FALSE,TRUE,FALSE,TRUE,524.375420381882,3,0.0306490065910081,1,"mass + rand",1.93557786126598,NA,NA,0.161888281477152,NA,0.0532357295167987,53.1949439912975,4.80650481085072e-13
"80",FALSE,FALSE,FALSE,TRUE,TRUE,473.44063090786,3,NA,NA,"distrSize + rand",1.94059405940594,1.11756349715679,0.99925806285002,0.346203271514843,1.09269386684859,-0.206153613336405,2.26015451727579,0.0552304248631417
"81",TRUE,TRUE,TRUE,FALSE,FALSE,485.959895792163,3,0.120340592781049,1,"scholarRefs + colonySize + mass",1.904378335967,1.20730766749932,1.12736645956661,0.122413644715349,NA,NA,14.7794194015788,1.05597723505787e-04
"82",TRUE,TRUE,FALSE,TRUE,FALSE,473.44063090786,3,NA,NA,"scholarRefs + colonySize + distrSize",1.94059405940594,1.11756349715679,0.99925806285002,0.346203271514843,1.09269386684859,-0.206153613336405,2.26015451727579,0.0552304248631417
"83",TRUE,TRUE,FALSE,FALSE,TRUE,486.010254777532,3,0.105649765813142,1,"scholarRefs + colonySize + rand",1.87949811407879,1.20046996706384,1.141719029918,NA,NA,0.0489555078084177,14.8297783869471,1.02972022039334e-04
"84",TRUE,FALSE,TRUE,TRUE,FALSE,473.44063090786,3,NA,NA,"scholarRefs + mass + distrSize",1.94059405940594,1.11756349715679,0.99925806285002,0.346203271514843,1.09269386684859,-0.206153613336405,2.26015451727579,0.0552304248631417
"85",TRUE,FALSE,TRUE,FALSE,TRUE,501.891825128787,3,0.0770984727656514,1,"scholarRefs + mass + rand",1.94460277235078,1.45078442301382,NA,0.435081991484615,NA,0.0939692058028491,30.7113487382022,3.66505129447929e-08
"86",TRUE,FALSE,FALSE,TRUE,TRUE,492.921713728618,3,0.0621872833694183,1,"scholarRefs + distrSize + rand",1.75622598579546,1.31720783318172,NA,NA,0.945925214174469,0.0152045841638289,21.7412373380335,3.25023676709536e-06
"87",FALSE,TRUE,TRUE,TRUE,FALSE,473.44063090786,3,NA,NA,"colonySize + mass + distrSize",1.94059405940594,1.11756349715679,0.99925806285002,0.346203271514843,1.09269386684859,-0.206153613336405,2.26015451727579,0.0552304248631417
"88",FALSE,TRUE,TRUE,FALSE,TRUE,505.590877217657,3,0.0784534695824405,1,"colonySize + mass + rand",1.89358129278937,NA,1.40425190865768,-0.13641279084384,NA,3.4765507664162e-04,34.4104008270728,5.76555476867907e-09
"89",FALSE,TRUE,FALSE,TRUE,TRUE,473.44063090786,3,NA,NA,"colonySize + distrSize + rand",1.94059405940594,1.11756349715679,0.99925806285002,0.346203271514843,1.09269386684859,-0.206153613336405,2.26015451727579,0.0552304248631417
"90",FALSE,FALSE,TRUE,TRUE,TRUE,473.44063090786,3,NA,NA,"mass + distrSize + rand",1.94059405940594,1.11756349715679,0.99925806285002,0.346203271514843,1.09269386684859,-0.206153613336405,2.26015451727579,0.0552304248631417
"91",TRUE,TRUE,TRUE,TRUE,FALSE,473.44063090786,3,NA,NA,"scholarRefs + colonySize + mass + distrSize",1.94059405940594,1.11756349715679,0.99925806285002,0.346203271514843,1.09269386684859,-0.206153613336405,2.26015451727579,0.0552304248631417
"92",TRUE,TRUE,TRUE,FALSE,TRUE,488.135361582818,3,0.120388401665011,1,"scholarRefs + colonySize + mass + rand",1.90263105299825,1.20942122868011,1.12534579602437,0.122514634857709,NA,0.0492158560827281,16.9548851922337,3.55842782456862e-05
"93",TRUE,TRUE,FALSE,TRUE,TRUE,473.44063090786,3,NA,NA,"scholarRefs + colonySize + distrSize + rand",1.94059405940594,1.11756349715679,0.99925806285002,0.346203271514843,1.09269386684859,-0.206153613336405,2.26015451727579,0.0552304248631417
"94",TRUE,FALSE,TRUE,TRUE,TRUE,473.44063090786,3,NA,NA,"scholarRefs + mass + distrSize + rand",1.94059405940594,1.11756349715679,0.99925806285002,0.346203271514843,1.09269386684859,-0.206153613336405,2.26015451727579,0.0552304248631417
"95",FALSE,TRUE,TRUE,TRUE,TRUE,471.180476390585,3,-0.0700740547976388,1,"colonySize + mass + distrSize + rand",1.96715338182728,NA,1.31992181252921,-0.137063259442079,1.1954811941118,-0.0432052852375201,0,0.170987633493604
"96",TRUE,TRUE,TRUE,TRUE,TRUE,473.44063090786,3,NA,NA,"scholarRefs + colonySize + mass + distrSize + rand",1.94059405940594,1.11756349715679,0.99925806285002,0.346203271514843,1.09269386684859,-0.206153613336405,2.26015451727579,0.0552304248631417
"97",FALSE,FALSE,FALSE,FALSE,FALSE,520.265320289691,4,0.00464527815230029,1,"1",1.93918011339344,NA,NA,NA,NA,NA,46.8246893818308,4.24375260131056e-12
"98",TRUE,FALSE,FALSE,FALSE,FALSE,473.44063090786,4,NA,NA,"scholarRefs",1.94059405940594,1.11756349715679,0.99925806285002,0.346203271514843,1.09269386684859,-0.206153613336405,0,0.0624600266962353
"99",FALSE,TRUE,FALSE,FALSE,FALSE,501.38648249923,4,0.094714248384361,1,"colonySize",1.91276300351775,NA,1.38986765378395,NA,NA,NA,27.9458515913693,5.33626755342961e-08
"100",FALSE,FALSE,TRUE,FALSE,FALSE,522.280545127747,4,0.0314616565339621,1,"mass",1.93608480745715,NA,NA,0.164524386674176,NA,NA,48.8399142198862,1.54935002809411e-12
"101",FALSE,FALSE,FALSE,TRUE,FALSE,473.44063090786,4,NA,NA,"distrSize",1.94059405940594,1.11756349715679,0.99925806285002,0.346203271514843,1.09269386684859,-0.206153613336405,0,0.0624600266962353
"102",FALSE,FALSE,FALSE,FALSE,TRUE,522.088101746031,4,0.00481334558917466,1,"rand",1.93911595530757,NA,NA,NA,NA,0.156797620152855,48.6474708381702,1.7058392137676e-12
"103",TRUE,TRUE,FALSE,FALSE,FALSE,483.87985128887,4,0.105418903315811,1,"scholarRefs + colonySize",1.88132064168639,1.19837605250599,1.14369313241574,NA,NA,NA,10.43922038101,3.37873602264243e-04
"104",TRUE,FALSE,TRUE,FALSE,FALSE,499.84375867073,4,0.0793383998374127,1,"scholarRefs + mass",1.94701434522982,1.44788361492553,NA,0.439877058843556,NA,NA,26.4031277628692,1.15407974614457e-07
"105",TRUE,FALSE,FALSE,TRUE,FALSE,490.755903215337,4,0.0621870823658104,1,"scholarRefs + distrSize",1.7564116940373,1.31652619036819,NA,NA,0.947498904059705,NA,17.315272307477,1.08552182005185e-05
"106",TRUE,FALSE,FALSE,FALSE,TRUE,473.44063090786,4,NA,NA,"scholarRefs + rand",1.94059405940594,1.11756349715679,0.99925806285002,0.346203271514843,1.09269386684859,-0.206153613336405,0,0.0624600266962353
"107",FALSE,TRUE,TRUE,FALSE,FALSE,503.421634835548,4,0.0784511632014985,1,"colonySize + mass",1.8935915410316,NA,1.40426419800033,-0.136420713084538,NA,NA,29.9810039276879,1.9289007486957e-08
"108",FALSE,TRUE,FALSE,TRUE,FALSE,473.44063090786,4,NA,NA,"colonySize + distrSize",1.94059405940594,1.11756349715679,0.99925806285002,0.346203271514843,1.09269386684859,-0.206153613336405,0,0.0624600266962353
"109",FALSE,TRUE,FALSE,FALSE,TRUE,503.350384388225,4,0.0954838018435899,1,"colonySize + rand",1.91195506317404,NA,1.38652880986325,NA,NA,0.109628430617097,29.9097534803644,1.9988569737442e-08
"110",FALSE,FALSE,TRUE,TRUE,FALSE,473.44063090786,4,NA,NA,"mass + distrSize",1.94059405940594,1.11756349715679,0.99925806285002,0.346203271514843,1.09269386684859,-0.206153613336405,0,0.0624600266962353
"111",FALSE,FALSE,TRUE,FALSE,TRUE,524.135685897066,4,0.0331264165708346,1,"mass + rand",1.93641596459026,NA,NA,0.174957355328898,NA,0.158959888759297,50.6950549892061,6.12788836213797e-13
"112",FALSE,FALSE,FALSE,TRUE,TRUE,473.44063090786,4,NA,NA,"distrSize + rand",1.94059405940594,1.11756349715679,0.99925806285002,0.346203271514843,1.09269386684859,-0.206153613336405,0,0.0624600266962353
"113",TRUE,TRUE,TRUE,FALSE,FALSE,485.959895792163,4,0.120340592781049,1,"scholarRefs + colonySize + mass",1.904378335967,1.20730766749932,1.12736645956661,0.122413644715349,NA,NA,12.519264884303,1.19420349301617e-04
"114",TRUE,TRUE,FALSE,TRUE,FALSE,473.44063090786,4,NA,NA,"scholarRefs + colonySize + distrSize",1.94059405940594,1.11756349715679,0.99925806285002,0.346203271514843,1.09269386684859,-0.206153613336405,0,0.0624600266962353
"115",TRUE,TRUE,FALSE,FALSE,TRUE,485.892370790181,4,0.1054189340614,1,"scholarRefs + colonySize + rand",1.88118197749643,1.19730174827003,1.140569393071,NA,NA,0.0979634945067074,12.4517398823203,1.23521115491139e-04
"116",TRUE,FALSE,TRUE,TRUE,FALSE,473.44063090786,4,NA,NA,"scholarRefs + mass + distrSize",1.94059405940594,1.11756349715679,0.99925806285002,0.346203271514843,1.09269386684859,-0.206153613336405,0,0.0624600266962353
"117",TRUE,FALSE,TRUE,FALSE,TRUE,501.738715745742,4,0.0787899415464988,1,"scholarRefs + mass + rand",1.94827243716605,1.44577152721608,NA,0.443329015543033,NA,0.140756018768186,28.2980848378817,4.47456806507589e-08
"118",TRUE,FALSE,FALSE,TRUE,TRUE,492.406889628652,4,0.0593060854105064,1,"scholarRefs + distrSize + rand",1.76111606951692,1.31136888749308,NA,NA,0.956865231753794,0.18579014539646,18.9662587207914,4.7547907934335e-06
"119",FALSE,TRUE,TRUE,TRUE,FALSE,473.44063090786,4,NA,NA,"colonySize + mass + distrSize",1.94059405940594,1.11756349715679,0.99925806285002,0.346203271514843,1.09269386684859,-0.206153613336405,0,0.0624600266962353
"120",FALSE,TRUE,TRUE,FALSE,TRUE,505.441783365875,4,0.0802007095562581,1,"colonySize + mass + rand",1.89383450060498,NA,1.3999604054444,-0.127410698405296,NA,0.105818418703317,32.0011524580146,7.0249008990612e-09
"121",FALSE,TRUE,FALSE,TRUE,TRUE,473.44063090786,4,NA,NA,"colonySize + distrSize + rand",1.94059405940594,1.11756349715679,0.99925806285002,0.346203271514843,1.09269386684859,-0.206153613336405,0,0.0624600266962353
"122",FALSE,FALSE,TRUE,TRUE,TRUE,473.44063090786,4,NA,NA,"mass + distrSize + rand",1.94059405940594,1.11756349715679,0.99925806285002,0.346203271514843,1.09269386684859,-0.206153613336405,0,0.0624600266962353
"123",TRUE,TRUE,TRUE,TRUE,FALSE,473.44063090786,4,NA,NA,"scholarRefs + colonySize + mass + distrSize",1.94059405940594,1.11756349715679,0.99925806285002,0.346203271514843,1.09269386684859,-0.206153613336405,0,0.0624600266962353
"124",TRUE,TRUE,TRUE,FALSE,TRUE,488.008012884271,4,0.121387319947547,1,"scholarRefs + colonySize + mass + rand",1.90555779777097,1.20660138207247,1.12340460602708,0.129486923683189,NA,0.10087225912441,14.5673819764103,4.28879572629822e-05
"125",TRUE,TRUE,FALSE,TRUE,TRUE,473.44063090786,4,NA,NA,"scholarRefs + colonySize + distrSize + rand",1.94059405940594,1.11756349715679,0.99925806285002,0.346203271514843,1.09269386684859,-0.206153613336405,0,0.0624600266962353
"126",TRUE,FALSE,TRUE,TRUE,TRUE,473.44063090786,4,NA,NA,"scholarRefs + mass + distrSize + rand",1.94059405940594,1.11756349715679,0.99925806285002,0.346203271514843,1.09269386684859,-0.206153613336405,0,0.0624600266962353
"127",FALSE,TRUE,TRUE,TRUE,TRUE,473.44063090786,4,NA,NA,"colonySize + mass + distrSize + rand",1.94059405940594,1.11756349715679,0.99925806285002,0.346203271514843,1.09269386684859,-0.206153613336405,0,0.0624600266962353
"128",TRUE,TRUE,TRUE,TRUE,TRUE,473.44063090786,4,NA,NA,"scholarRefs + colonySize + mass + distrSize + rand",1.94059405940594,1.11756349715679,0.99925806285002,0.346203271514843,1.09269386684859,-0.206153613336405,0,0.0624600266962353
"129",FALSE,FALSE,FALSE,FALSE,FALSE,520.265320289691,5,0.00464527815230029,1,"1",1.93918011339344,NA,NA,NA,NA,NA,46.8246893818308,4.24357772531854e-12
"130",TRUE,FALSE,FALSE,FALSE,FALSE,473.44063090786,5,NA,NA,"scholarRefs",1.94059405940594,1.11756349715679,0.99925806285002,0.346203271514843,1.09269386684859,-0.206153613336405,0,0.0624574528517736
"131",FALSE,TRUE,FALSE,FALSE,FALSE,501.38648249923,5,0.094714248384361,1,"colonySize",1.91276300351775,NA,1.38986765378395,NA,NA,NA,27.9458515913693,5.33604765722695e-08
"132",FALSE,FALSE,TRUE,FALSE,FALSE,522.280545127747,5,0.0314616565339621,1,"mass",1.93608480745715,NA,NA,0.164524386674176,NA,NA,48.8399142198862,1.54928618268449e-12
"133",FALSE,FALSE,FALSE,TRUE,FALSE,473.44063090786,5,NA,NA,"distrSize",1.94059405940594,1.11756349715679,0.99925806285002,0.346203271514843,1.09269386684859,-0.206153613336405,0,0.0624574528517736
"134",FALSE,FALSE,FALSE,FALSE,TRUE,521.92080815273,5,0.00404491472768326,1,"rand",1.93963708042066,NA,NA,NA,NA,-0.201108529549511,48.4801772448699,1.85458840077388e-12
"135",TRUE,TRUE,FALSE,FALSE,FALSE,483.87985128887,5,0.105418903315811,1,"scholarRefs + colonySize",1.88132064168639,1.19837605250599,1.14369313241574,NA,NA,NA,10.43922038101,3.37859679213838e-04
"136",TRUE,FALSE,TRUE,FALSE,FALSE,499.84375867073,5,0.0793383998374127,1,"scholarRefs + mass",1.94701434522982,1.44788361492553,NA,0.439877058843556,NA,NA,26.4031277628692,1.15403218898009e-07
"137",TRUE,FALSE,FALSE,TRUE,FALSE,490.755903215337,5,0.0621870823658104,1,"scholarRefs + distrSize",1.7564116940373,1.31652619036819,NA,NA,0.947498904059705,NA,17.315272307477,1.08547708801326e-05
"138",TRUE,FALSE,FALSE,FALSE,TRUE,473.44063090786,5,NA,NA,"scholarRefs + rand",1.94059405940594,1.11756349715679,0.99925806285002,0.346203271514843,1.09269386684859,-0.206153613336405,0,0.0624574528517736
"139",FALSE,TRUE,TRUE,FALSE,FALSE,503.421634835548,5,0.0784511632014985,1,"colonySize + mass",1.8935915410316,NA,1.40426419800033,-0.136420713084538,NA,NA,29.9810039276879,1.92882126281054e-08
"140",FALSE,TRUE,FALSE,TRUE,FALSE,473.44063090786,5,NA,NA,"colonySize + distrSize",1.94059405940594,1.11756349715679,0.99925806285002,0.346203271514843,1.09269386684859,-0.206153613336405,0,0.0624574528517736
"141",FALSE,TRUE,FALSE,FALSE,TRUE,502.39996472335,5,0.0929227731371125,1,"colonySize + rand",1.92045291722183,NA,1.40969059135205,NA,NA,-0.288218531346269,28.9593338154898,3.21473242696814e-08
"142",FALSE,FALSE,TRUE,TRUE,FALSE,473.44063090786,5,NA,NA,"mass + distrSize",1.94059405940594,1.11756349715679,0.99925806285002,0.346203271514843,1.09269386684859,-0.206153613336405,0,0.0624574528517736
"143",FALSE,FALSE,TRUE,FALSE,TRUE,523.985726584596,5,0.0299626072206907,1,"mass + rand",1.9376737807722,NA,NA,0.159149228405595,NA,-0.198304511641507,50.5450956767353,6.604747192854e-13
"144",FALSE,FALSE,FALSE,TRUE,TRUE,473.44063090786,5,NA,NA,"distrSize + rand",1.94059405940594,1.11756349715679,0.99925806285002,0.346203271514843,1.09269386684859,-0.206153613336405,0,0.0624574528517736
"145",TRUE,TRUE,TRUE,FALSE,FALSE,485.959895792163,5,0.120340592781049,1,"scholarRefs + colonySize + mass",1.904378335967,1.20730766749932,1.12736645956661,0.122413644715349,NA,NA,12.519264884303,1.19415428243768e-04
"146",TRUE,TRUE,FALSE,TRUE,FALSE,473.44063090786,5,NA,NA,"scholarRefs + colonySize + distrSize",1.94059405940594,1.11756349715679,0.99925806285002,0.346203271514843,1.09269386684859,-0.206153613336405,0,0.0624574528517736
"147",TRUE,TRUE,FALSE,FALSE,TRUE,485.433826605492,5,0.100765056780316,1,"scholarRefs + colonySize + rand",1.88987227301115,1.18199586161718,1.15940034644786,NA,NA,-0.195481409321402,11.9931956976318,1.5534415349404e-04
"148",TRUE,FALSE,TRUE,TRUE,FALSE,473.44063090786,5,NA,NA,"scholarRefs + mass + distrSize",1.94059405940594,1.11756349715679,0.99925806285002,0.346203271514843,1.09269386684859,-0.206153613336405,0,0.0624574528517736
"149",TRUE,FALSE,TRUE,FALSE,TRUE,501.860323105866,5,0.0765496159151644,1,"scholarRefs + mass + rand",1.94874607583391,1.44087287651536,NA,0.434330644159401,NA,-0.105499338068935,28.4196921980056,4.21043065798036e-08
"150",TRUE,FALSE,FALSE,TRUE,TRUE,492.84124182456,5,0.0594204633465904,1,"scholarRefs + distrSize + rand",1.76325229082252,1.31121859555733,NA,NA,0.941661294775821,-0.075094222870621,19.4006109167001,3.82644200568604e-06
"151",FALSE,TRUE,TRUE,TRUE,FALSE,473.44063090786,5,NA,NA,"colonySize + mass + distrSize",1.94059405940594,1.11756349715679,0.99925806285002,0.346203271514843,1.09269386684859,-0.206153613336405,0,0.0624574528517736
"152",FALSE,TRUE,TRUE,FALSE,TRUE,504.461302014238,5,0.0747078983388273,1,"colonySize + mass + rand",1.89960504441762,NA,1.42553742440804,-0.14955903748925,NA,-0.291328323186834,31.020671106378,1.14691471705231e-08
"153",FALSE,TRUE,FALSE,TRUE,TRUE,473.44063090786,5,NA,NA,"colonySize + distrSize + rand",1.94059405940594,1.11756349715679,0.99925806285002,0.346203271514843,1.09269386684859,-0.206153613336405,0,0.0624574528517736
"154",FALSE,FALSE,TRUE,TRUE,TRUE,473.44063090786,5,NA,NA,"mass + distrSize + rand",1.94059405940594,1.11756349715679,0.99925806285002,0.346203271514843,1.09269386684859,-0.206153613336405,0,0.0624574528517736
"155",TRUE,TRUE,TRUE,TRUE,FALSE,473.44063090786,5,NA,NA,"scholarRefs + colonySize + mass + distrSize",1.94059405940594,1.11756349715679,0.99925806285002,0.346203271514843,1.09269386684859,-0.206153613336405,0,0.0624574528517736
"156",TRUE,TRUE,TRUE,FALSE,TRUE,487.577743443022,5,0.114518328593327,1,"scholarRefs + colonySize + mass + rand",1.90972156469168,1.19015967519218,1.1447074755812,0.109070204717326,NA,-0.192256051162138,14.1371125351619,5.31801167907787e-05
"157",TRUE,TRUE,FALSE,TRUE,TRUE,473.44063090786,5,NA,NA,"scholarRefs + colonySize + distrSize + rand",1.94059405940594,1.11756349715679,0.99925806285002,0.346203271514843,1.09269386684859,-0.206153613336405,0,0.0624574528517736
"158",TRUE,FALSE,TRUE,TRUE,TRUE,473.44063090786,5,NA,NA,"scholarRefs + mass + distrSize + rand",1.94059405940594,1.11756349715679,0.99925806285002,0.346203271514843,1.09269386684859,-0.206153613336405,0,0.0624574528517736
"159",FALSE,TRUE,TRUE,TRUE,TRUE,473.44063090786,5,NA,NA,"colonySize + mass + distrSize + rand",1.94059405940594,1.11756349715679,0.99925806285002,0.346203271514843,1.09269386684859,-0.206153613336405,0,0.0624574528517736
"160",TRUE,TRUE,TRUE,TRUE,TRUE,473.44063090786,5,NA,NA,"scholarRefs + colonySize + mass + distrSize + rand",1.94059405940594,1.11756349715679,0.99925806285002,0.346203271514843,1.09269386684859,-0.206153613336405,0,0.0624574528517736
"161",FALSE,FALSE,FALSE,FALSE,FALSE,520.265320289691,6,0.00464527815230029,1,"1",1.93918011339344,NA,NA,NA,NA,NA,46.8246893818308,3.39498604026159e-12
"162",TRUE,FALSE,FALSE,FALSE,FALSE,473.44063090786,6,NA,NA,"scholarRefs",1.94059405940594,1.11756349715679,0.99925806285002,0.346203271514843,1.09269386684859,-0.206153613336405,0,0.0499677852668884
"163",FALSE,TRUE,FALSE,FALSE,FALSE,501.38648249923,6,0.094714248384361,1,"colonySize",1.91276300351775,NA,1.38986765378395,NA,NA,NA,27.9458515913693,4.26899387240426e-08
"164",FALSE,FALSE,TRUE,FALSE,FALSE,522.280545127747,6,0.0314616565339621,1,"mass",1.93608480745715,NA,NA,0.164524386674176,NA,NA,48.8399142198862,1.2394741661505e-12
"165",FALSE,FALSE,FALSE,TRUE,FALSE,473.44063090786,6,NA,NA,"distrSize",1.94059405940594,1.11756349715679,0.99925806285002,0.346203271514843,1.09269386684859,-0.206153613336405,0,0.0499677852668884
"166",FALSE,FALSE,FALSE,FALSE,TRUE,473.44063090786,6,NA,NA,"rand",1.94059405940594,1.11756349715679,0.99925806285002,0.346203271514843,1.09269386684859,-0.206153613336405,0,0.0499677852668884
"167",TRUE,TRUE,FALSE,FALSE,FALSE,483.87985128887,6,0.105418903315811,1,"scholarRefs + colonySize",1.88132064168639,1.19837605250599,1.14369313241574,NA,NA,NA,10.43922038101,2.70297604696786e-04
"168",TRUE,FALSE,TRUE,FALSE,FALSE,499.84375867073,6,0.0793383998374127,1,"scholarRefs + mass",1.94701434522982,1.44788361492553,NA,0.439877058843556,NA,NA,26.4031277628692,9.23259434656832e-08
"169",TRUE,FALSE,FALSE,TRUE,FALSE,490.755903215337,6,0.0621870823658104,1,"scholarRefs + distrSize",1.7564116940373,1.31652619036819,NA,NA,0.947498904059705,NA,17.315272307477,8.68413352921958e-06
"170",TRUE,FALSE,FALSE,FALSE,TRUE,473.44063090786,6,NA,NA,"scholarRefs + rand",1.94059405940594,1.11756349715679,0.99925806285002,0.346203271514843,1.09269386684859,-0.206153613336405,0,0.0499677852668884
"171",FALSE,TRUE,TRUE,FALSE,FALSE,503.421634835548,6,0.0784511632014985,1,"colonySize + mass",1.8935915410316,NA,1.40426419800033,-0.136420713084538,NA,NA,29.9810039276879,1.54311330798353e-08
"172",FALSE,TRUE,FALSE,TRUE,FALSE,473.44063090786,6,NA,NA,"colonySize + distrSize",1.94059405940594,1.11756349715679,0.99925806285002,0.346203271514843,1.09269386684859,-0.206153613336405,0,0.0499677852668884
"173",FALSE,TRUE,FALSE,FALSE,TRUE,500.672698191233,6,0.0538704239222225,1,"colonySize + rand",1.9456642157062,NA,1.22538492342371,NA,NA,-0.506973119690442,27.232067283373,6.09988748790023e-08
"174",FALSE,FALSE,TRUE,TRUE,FALSE,473.44063090786,6,NA,NA,"mass + distrSize",1.94059405940594,1.11756349715679,0.99925806285002,0.346203271514843,1.09269386684859,-0.206153613336405,0,0.0499677852668884
"175",FALSE,FALSE,TRUE,FALSE,TRUE,473.44063090786,6,NA,NA,"mass + rand",1.94059405940594,1.11756349715679,0.99925806285002,0.346203271514843,1.09269386684859,-0.206153613336405,0,0.0499677852668884
"176",FALSE,FALSE,FALSE,TRUE,TRUE,473.44063090786,6,NA,NA,"distrSize + rand",1.94059405940594,1.11756349715679,0.99925806285002,0.346203271514843,1.09269386684859,-0.206153613336405,0,0.0499677852668884
"177",TRUE,TRUE,TRUE,FALSE,FALSE,485.959895792163,6,0.120340592781049,1,"scholarRefs + colonySize + mass",1.904378335967,1.20730766749932,1.12736645956661,0.122413644715349,NA,NA,12.519264884303,9.55358280492007e-05
"178",TRUE,TRUE,FALSE,TRUE,FALSE,473.44063090786,6,NA,NA,"scholarRefs + colonySize + distrSize",1.94059405940594,1.11756349715679,0.99925806285002,0.346203271514843,1.09269386684859,-0.206153613336405,0,0.0499677852668884
"179",TRUE,TRUE,FALSE,FALSE,TRUE,484.548114000021,6,0.0720726819029683,1,"scholarRefs + colonySize + rand",1.91124492572797,1.15673326424402,1.04708381265538,NA,NA,-0.334824851355339,11.1074830921609,1.93522200280494e-04
"180",TRUE,FALSE,TRUE,TRUE,FALSE,473.44063090786,6,NA,NA,"scholarRefs + mass + distrSize",1.94059405940594,1.11756349715679,0.99925806285002,0.346203271514843,1.09269386684859,-0.206153613336405,0,0.0499677852668884
"181",TRUE,FALSE,TRUE,FALSE,TRUE,473.44063090786,6,NA,NA,"scholarRefs + mass + rand",1.94059405940594,1.11756349715679,0.99925806285002,0.346203271514843,1.09269386684859,-0.206153613336405,0,0.0499677852668884
"182",TRUE,FALSE,FALSE,TRUE,TRUE,490.410566241455,6,0.0204900927600933,1,"scholarRefs + distrSize + rand",1.86846844303894,1.22948100325638,NA,NA,0.795350964185176,-0.440135672632348,16.9699353335945,1.03208499411818e-05
"183",FALSE,TRUE,TRUE,TRUE,FALSE,473.44063090786,6,NA,NA,"colonySize + mass + distrSize",1.94059405940594,1.11756349715679,0.99925806285002,0.346203271514843,1.09269386684859,-0.206153613336405,0,0.0499677852668884
"184",FALSE,TRUE,TRUE,FALSE,TRUE,473.44063090786,6,NA,NA,"colonySize + mass + rand",1.94059405940594,1.11756349715679,0.99925806285002,0.346203271514843,1.09269386684859,-0.206153613336405,0,0.0499677852668884
"185",FALSE,TRUE,FALSE,TRUE,TRUE,473.44063090786,6,NA,NA,"colonySize + distrSize + rand",1.94059405940594,1.11756349715679,0.99925806285002,0.346203271514843,1.09269386684859,-0.206153613336405,0,0.0499677852668884
"186",FALSE,FALSE,TRUE,TRUE,TRUE,473.44063090786,6,NA,NA,"mass + distrSize + rand",1.94059405940594,1.11756349715679,0.99925806285002,0.346203271514843,1.09269386684859,-0.206153613336405,0,0.0499677852668884
"187",TRUE,TRUE,TRUE,TRUE,FALSE,473.44063090786,6,NA,NA,"scholarRefs + colonySize + mass + distrSize",1.94059405940594,1.11756349715679,0.99925806285002,0.346203271514843,1.09269386684859,-0.206153613336405,0,0.0499677852668884
"188",TRUE,TRUE,TRUE,FALSE,TRUE,486.708012909516,6,0.0872038637390242,1,"scholarRefs + colonySize + mass + rand",1.92370735104084,1.1655377489802,1.03653237792855,0.0952692504154549,NA,-0.329182374278284,13.2673820016554,6.57225952094515e-05
"189",TRUE,TRUE,FALSE,TRUE,TRUE,473.44063090786,6,NA,NA,"scholarRefs + colonySize + distrSize + rand",1.94059405940594,1.11756349715679,0.99925806285002,0.346203271514843,1.09269386684859,-0.206153613336405,0,0.0499677852668884
"190",TRUE,FALSE,TRUE,TRUE,TRUE,473.44063090786,6,NA,NA,"scholarRefs + mass + distrSize + rand",1.94059405940594,1.11756349715679,0.99925806285002,0.346203271514843,1.09269386684859,-0.206153613336405,0,0.0499677852668884
"191",FALSE,TRUE,TRUE,TRUE,TRUE,473.44063090786,6,NA,NA,"colonySize + mass + distrSize + rand",1.94059405940594,1.11756349715679,0.99925806285002,0.346203271514843,1.09269386684859,-0.206153613336405,0,0.0499677852668884
"192",TRUE,TRUE,TRUE,TRUE,TRUE,473.44063090786,6,NA,NA,"scholarRefs + colonySize + mass + distrSize + rand",1.94059405940594,1.11756349715679,0.99925806285002,0.346203271514843,1.09269386684859,-0.206153613336405,0,0.0499677852668884
"193",FALSE,FALSE,FALSE,FALSE,FALSE,520.265320289691,7,0.00464527815230029,1,"1",1.93918011339344,NA,NA,NA,NA,NA,66.018544266912,4.61118495836559e-15
"194",TRUE,FALSE,FALSE,FALSE,FALSE,473.44063090786,7,NA,NA,"scholarRefs",1.94059405940594,1.11756349715679,0.99925806285002,0.346203271514843,1.09269386684859,-0.206153613336405,19.1938548850813,6.78679373325977e-05
"195",FALSE,TRUE,FALSE,FALSE,FALSE,501.38648249923,7,0.094714248384361,1,"colonySize",1.91276300351775,NA,1.38986765378395,NA,NA,NA,47.1397064764506,5.79829198068473e-11
"196",FALSE,FALSE,TRUE,FALSE,FALSE,522.280545127747,7,0.0314616565339621,1,"mass",1.93608480745715,NA,NA,0.164524386674176,NA,NA,68.0337691049675,1.68349576801073e-15
"197",FALSE,FALSE,FALSE,TRUE,FALSE,473.44063090786,7,NA,NA,"distrSize",1.94059405940594,1.11756349715679,0.99925806285002,0.346203271514843,1.09269386684859,-0.206153613336405,19.1938548850813,6.78679373325977e-05
"198",FALSE,FALSE,FALSE,FALSE,TRUE,521.848431043121,7,0.00410631065778512,1,"rand",1.94032409010558,NA,NA,NA,NA,0.217573927279116,67.6016550203417,2.08950978978755e-15
"199",TRUE,TRUE,FALSE,FALSE,FALSE,483.87985128887,7,0.105418903315811,1,"scholarRefs + colonySize",1.88132064168639,1.19837605250599,1.14369313241574,NA,NA,NA,29.6330752660913,3.67127356130169e-07
"200",TRUE,FALSE,TRUE,FALSE,FALSE,499.84375867073,7,0.0793383998374127,1,"scholarRefs + mass",1.94701434522982,1.44788361492553,NA,0.439877058843556,NA,NA,45.5969826479505,1.25400221599458e-10
"201",TRUE,FALSE,FALSE,TRUE,FALSE,490.755903215337,7,0.0621870823658104,1,"scholarRefs + distrSize",1.7564116940373,1.31652619036819,NA,NA,0.947498904059705,NA,36.5091271925583,1.17950841127141e-08
"202",TRUE,FALSE,FALSE,FALSE,TRUE,473.44063090786,7,NA,NA,"scholarRefs + rand",1.94059405940594,1.11756349715679,0.99925806285002,0.346203271514843,1.09269386684859,-0.206153613336405,19.1938548850813,6.78679373325977e-05
"203",FALSE,TRUE,TRUE,FALSE,FALSE,503.421634835548,7,0.0784511632014985,1,"colonySize + mass",1.8935915410316,NA,1.40426419800033,-0.136420713084538,NA,NA,49.1748588127692,2.09590872847275e-11
"204",FALSE,TRUE,FALSE,TRUE,FALSE,473.44063090786,7,NA,NA,"colonySize + distrSize",1.94059405940594,1.11756349715679,0.99925806285002,0.346203271514843,1.09269386684859,-0.206153613336405,19.1938548850813,6.78679373325977e-05
"205",FALSE,TRUE,FALSE,FALSE,TRUE,502.132031607035,7,0.0891784538645062,1,"colonySize + rand",1.93453372099289,NA,1.41563754214607,NA,NA,0.324237550971916,47.8852555842555,3.99398242323506e-11
"206",FALSE,FALSE,TRUE,TRUE,FALSE,473.44063090786,7,NA,NA,"mass + distrSize",1.94059405940594,1.11756349715679,0.99925806285002,0.346203271514843,1.09269386684859,-0.206153613336405,19.1938548850813,6.78679373325977e-05
"207",FALSE,FALSE,TRUE,FALSE,TRUE,523.949139818533,7,0.0229816352305586,1,"mass + rand",1.94000928927807,NA,NA,0.11524845759543,NA,0.209238455261275,69.7023637957536,7.30939270787615e-16
"208",FALSE,FALSE,FALSE,TRUE,TRUE,473.44063090786,7,NA,NA,"distrSize + rand",1.94059405940594,1.11756349715679,0.99925806285002,0.346203271514843,1.09269386684859,-0.206153613336405,19.1938548850813,6.78679373325977e-05
"209",TRUE,TRUE,TRUE,FALSE,FALSE,485.959895792163,7,0.120340592781049,1,"scholarRefs + colonySize + mass",1.904378335967,1.20730766749932,1.12736645956661,0.122413644715349,NA,NA,31.7131197693843,1.29759995493687e-07
"210",TRUE,TRUE,FALSE,TRUE,FALSE,473.44063090786,7,NA,NA,"scholarRefs + colonySize + distrSize",1.94059405940594,1.11756349715679,0.99925806285002,0.346203271514843,1.09269386684859,-0.206153613336405,19.1938548850813,6.78679373325977e-05
"211",TRUE,TRUE,FALSE,FALSE,TRUE,484.582349857792,7,0.0926167823585985,1,"scholarRefs + colonySize + rand",1.9082919008016,1.19316242099853,1.16674260857191,NA,NA,0.304246387237156,30.335573835013,2.58387274350119e-07
"212",TRUE,FALSE,TRUE,TRUE,FALSE,473.44063090786,7,NA,NA,"scholarRefs + mass + distrSize",1.94059405940594,1.11756349715679,0.99925806285002,0.346203271514843,1.09269386684859,-0.206153613336405,19.1938548850813,6.78679373325977e-05
"213",TRUE,FALSE,TRUE,FALSE,TRUE,501.491779050545,7,0.0686991759811913,1,"scholarRefs + mass + rand",1.95272624978404,1.44691312619688,NA,0.405633057813292,NA,0.197062215055174,47.2450030277664,5.50091868780473e-11
"214",TRUE,FALSE,FALSE,TRUE,TRUE,492.787047188575,7,0.0518309057752228,1,"scholarRefs + distrSize + rand",1.78308647418975,1.31505447576471,NA,NA,0.922143203054034,0.0994816729615863,38.5402711657964,4.27212284643752e-09
"215",FALSE,TRUE,TRUE,TRUE,FALSE,473.44063090786,7,NA,NA,"colonySize + mass + distrSize",1.94059405940594,1.11756349715679,0.99925806285002,0.346203271514843,1.09269386684859,-0.206153613336405,19.1938548850813,6.78679373325977e-05
"216",FALSE,TRUE,TRUE,FALSE,TRUE,504.107354051495,7,0.0632216968285234,1,"colonySize + mass + rand",1.90945710430147,NA,1.43781190960794,-0.203389273936047,NA,0.339754280591172,49.8605780287162,1.48754574656963e-11
"217",FALSE,TRUE,FALSE,TRUE,TRUE,473.44063090786,7,NA,NA,"colonySize + distrSize + rand",1.94059405940594,1.11756349715679,0.99925806285002,0.346203271514843,1.09269386684859,-0.206153613336405,19.1938548850813,6.78679373325977e-05
"218",FALSE,FALSE,TRUE,TRUE,TRUE,473.44063090786,7,NA,NA,"mass + distrSize + rand",1.94059405940594,1.11756349715679,0.99925806285002,0.346203271514843,1.09269386684859,-0.206153613336405,19.1938548850813,6.78679373325977e-05
"219",TRUE,TRUE,TRUE,TRUE,FALSE,473.44063090786,7,NA,NA,"scholarRefs + colonySize + mass + distrSize",1.94059405940594,1.11756349715679,0.99925806285002,0.346203271514843,1.09269386684859,-0.206153613336405,19.1938548850813,6.78679373325977e-05
"220",TRUE,TRUE,TRUE,FALSE,TRUE,486.771187807937,7,0.101891956565803,1,"scholarRefs + colonySize + mass + rand",1.91896172671047,1.19813315390783,1.15765386219437,0.0664141948426908,NA,0.298981009170156,32.5244117851577,8.64910160415279e-08
"221",TRUE,TRUE,FALSE,TRUE,TRUE,454.246776022779,7,-0.0700740546912288,1,"scholarRefs + colonySize + distrSize + rand",1.95839315046575,1.05348018495203,1.11993955224444,NA,1.0219717893527,0.262276026804789,0,0.998981122792986
"222",TRUE,FALSE,TRUE,TRUE,TRUE,473.44063090786,7,NA,NA,"scholarRefs + mass + distrSize + rand",1.94059405940594,1.11756349715679,0.99925806285002,0.346203271514843,1.09269386684859,-0.206153613336405,19.1938548850813,6.78679373325977e-05
"223",FALSE,TRUE,TRUE,TRUE,TRUE,473.44063090786,7,NA,NA,"colonySize + mass + distrSize + rand",1.94059405940594,1.11756349715679,0.99925806285002,0.346203271514843,1.09269386684859,-0.206153613336405,19.1938548850813,6.78679373325977e-05
"224",TRUE,TRUE,TRUE,TRUE,TRUE,473.44063090786,7,NA,NA,"scholarRefs + colonySize + mass + distrSize + rand",1.94059405940594,1.11756349715679,0.99925806285002,0.346203271514843,1.09269386684859,-0.206153613336405,19.1938548850813,6.78679373325977e-05
"225",FALSE,FALSE,FALSE,FALSE,FALSE,520.265320289691,8,0.00464527815230029,1,"1",1.93918011339344,NA,NA,NA,NA,NA,46.8246893818308,3.99426871166046e-12
"226",TRUE,FALSE,FALSE,FALSE,FALSE,473.44063090786,8,NA,NA,"scholarRefs",1.94059405940594,1.11756349715679,0.99925806285002,0.346203271514843,1.09269386684859,-0.206153613336405,0,0.058788094830317
"227",FALSE,TRUE,FALSE,FALSE,FALSE,501.38648249923,8,0.094714248384361,1,"colonySize",1.91276300351775,NA,1.38986765378395,NA,NA,NA,27.9458515913693,5.02255633825837e-08
"228",FALSE,FALSE,TRUE,FALSE,FALSE,522.280545127747,8,0.0314616565339621,1,"mass",1.93608480745715,NA,NA,0.164524386674176,NA,NA,48.8399142198862,1.45826604941942e-12
"229",FALSE,FALSE,FALSE,TRUE,FALSE,473.44063090786,8,NA,NA,"distrSize",1.94059405940594,1.11756349715679,0.99925806285002,0.346203271514843,1.09269386684859,-0.206153613336405,0,0.058788094830317
"230",FALSE,FALSE,FALSE,FALSE,TRUE,522.2373532398,8,0.00128557298564233,1,"rand",1.9402620774187,NA,NA,NA,NA,0.103872762298488,48.7967223319396,1.49010119909908e-12
"231",TRUE,TRUE,FALSE,FALSE,FALSE,483.87985128887,8,0.105418903315811,1,"scholarRefs + colonySize",1.88132064168639,1.19837605250599,1.14369313241574,NA,NA,NA,10.43922038101,3.18010516824968e-04
"232",TRUE,FALSE,TRUE,FALSE,FALSE,499.84375867073,8,0.0793383998374127,1,"scholarRefs + mass",1.94701434522982,1.44788361492553,NA,0.439877058843556,NA,NA,26.4031277628692,1.08623311815178e-07
"233",TRUE,FALSE,FALSE,TRUE,FALSE,490.755903215337,8,0.0621870823658104,1,"scholarRefs + distrSize",1.7564116940373,1.31652619036819,NA,NA,0.947498904059705,NA,17.315272307477,1.02170561034091e-05
"234",TRUE,FALSE,FALSE,FALSE,TRUE,473.44063090786,8,NA,NA,"scholarRefs + rand",1.94059405940594,1.11756349715679,0.99925806285002,0.346203271514843,1.09269386684859,-0.206153613336405,0,0.058788094830317
"235",FALSE,TRUE,TRUE,FALSE,FALSE,503.421634835548,8,0.0784511632014985,1,"colonySize + mass",1.8935915410316,NA,1.40426419800033,-0.136420713084538,NA,NA,29.9810039276879,1.81550354891903e-08
"236",FALSE,TRUE,FALSE,TRUE,FALSE,473.44063090786,8,NA,NA,"colonySize + distrSize",1.94059405940594,1.11756349715679,0.99925806285002,0.346203271514843,1.09269386684859,-0.206153613336405,0,0.058788094830317
"237",FALSE,TRUE,FALSE,FALSE,TRUE,503.466257093264,8,0.0945230038479573,1,"colonySize + rand",1.91065432603958,NA,1.3890896517192,NA,NA,0.0593265005041319,30.0256261854034,1.77544613995974e-08
"238",FALSE,FALSE,TRUE,TRUE,FALSE,473.44063090786,8,NA,NA,"mass + distrSize",1.94059405940594,1.11756349715679,0.99925806285002,0.346203271514843,1.09269386684859,-0.206153613336405,0,0.058788094830317
"239",FALSE,FALSE,TRUE,FALSE,TRUE,473.44063090786,8,NA,NA,"mass + rand",1.94059405940594,1.11756349715679,0.99925806285002,0.346203271514843,1.09269386684859,-0.206153613336405,0,0.058788094830317
"240",FALSE,FALSE,FALSE,TRUE,TRUE,473.44063090786,8,NA,NA,"distrSize + rand",1.94059405940594,1.11756349715679,0.99925806285002,0.346203271514843,1.09269386684859,-0.206153613336405,0,0.058788094830317
"241",TRUE,TRUE,TRUE,FALSE,FALSE,485.959895792163,8,0.120340592781049,1,"scholarRefs + colonySize + mass",1.904378335967,1.20730766749932,1.12736645956661,0.122413644715349,NA,NA,12.519264884303,1.12399804975367e-04
"242",TRUE,TRUE,FALSE,TRUE,FALSE,473.44063090786,8,NA,NA,"scholarRefs + colonySize + distrSize",1.94059405940594,1.11756349715679,0.99925806285002,0.346203271514843,1.09269386684859,-0.206153613336405,0,0.058788094830317
"243",TRUE,TRUE,FALSE,FALSE,TRUE,485.881901370135,8,0.108346673263602,1,"scholarRefs + colonySize + rand",1.87466503456218,1.20241741722142,1.14295598700069,NA,NA,0.103748304555134,12.4412704622742,1.16869673633125e-04
"244",TRUE,FALSE,TRUE,TRUE,FALSE,473.44063090786,8,NA,NA,"scholarRefs + mass + distrSize",1.94059405940594,1.11756349715679,0.99925806285002,0.346203271514843,1.09269386684859,-0.206153613336405,0,0.058788094830317
"245",TRUE,FALSE,TRUE,FALSE,TRUE,501.69379859599,8,0.0833007422611562,1,"scholarRefs + mass + rand",1.94685013351842,1.45403356648114,NA,0.469403414548715,NA,0.155844926956683,28.2531676881298,4.30716961457691e-08
"246",TRUE,FALSE,FALSE,TRUE,TRUE,492.911397095182,8,0.0643787037124589,1,"scholarRefs + distrSize + rand",1.75146872980939,1.31850134367164,NA,NA,0.946110168926599,0.0311872921992979,19.4707661873217,3.47749271825703e-06
"247",FALSE,TRUE,TRUE,TRUE,FALSE,473.44063090786,8,NA,NA,"colonySize + mass + distrSize",1.94059405940594,1.11756349715679,0.99925806285002,0.346203271514843,1.09269386684859,-0.206153613336405,0,0.058788094830317
"248",FALSE,TRUE,TRUE,FALSE,TRUE,505.55887925804,8,0.0795422990934764,1,"colonySize + mass + rand",1.89308506306939,NA,1.40253189194335,-0.126605604455315,NA,0.0502774103935648,32.1182483501798,6.23591766795558e-09
"249",FALSE,TRUE,FALSE,TRUE,TRUE,473.44063090786,8,NA,NA,"colonySize + distrSize + rand",1.94059405940594,1.11756349715679,0.99925806285002,0.346203271514843,1.09269386684859,-0.206153613336405,0,0.058788094830317
"250",FALSE,FALSE,TRUE,TRUE,TRUE,473.44063090786,8,NA,NA,"mass + distrSize + rand",1.94059405940594,1.11756349715679,0.99925806285002,0.346203271514843,1.09269386684859,-0.206153613336405,0,0.058788094830317
"251",TRUE,TRUE,TRUE,TRUE,FALSE,473.44063090786,8,NA,NA,"scholarRefs + colonySize + mass + distrSize",1.94059405940594,1.11756349715679,0.99925806285002,0.346203271514843,1.09269386684859,-0.206153613336405,0,0.058788094830317
"252",TRUE,TRUE,TRUE,FALSE,TRUE,487.96863611337,8,0.125940341574927,1,"scholarRefs + colonySize + mass + rand",1.90279325527527,1.21376218617587,1.12312129382507,0.147688132660054,NA,0.116006358577856,14.5280052055096,4.11692674266467e-05
"253",TRUE,TRUE,FALSE,TRUE,TRUE,473.44063090786,8,NA,NA,"scholarRefs + colonySize + distrSize + rand",1.94059405940594,1.11756349715679,0.99925806285002,0.346203271514843,1.09269386684859,-0.206153613336405,0,0.058788094830317
"254",TRUE,FALSE,TRUE,TRUE,TRUE,473.44063090786,8,NA,NA,"scholarRefs + mass + distrSize + rand",1.94059405940594,1.11756349715679,0.99925806285002,0.346203271514843,1.09269386684859,-0.206153613336405,0,0.058788094830317
"255",FALSE,TRUE,TRUE,TRUE,TRUE,473.44063090786,8,NA,NA,"colonySize + mass + distrSize + rand",1.94059405940594,1.11756349715679,0.99925806285002,0.346203271514843,1.09269386684859,-0.206153613336405,0,0.058788094830317
"256",TRUE,TRUE,TRUE,TRUE,TRUE,473.44063090786,8,NA,NA,"scholarRefs + colonySize + mass + distrSize + rand",1.94059405940594,1.11756349715679,0.99925806285002,0.346203271514843,1.09269386684859,-0.206153613336405,0,0.058788094830317
"257",FALSE,FALSE,FALSE,FALSE,FALSE,520.265320289691,9,0.00464527815230029,1,"1",1.93918011339344,NA,NA,NA,NA,NA,46.8246893818308,4.24352919141316e-12
"258",TRUE,FALSE,FALSE,FALSE,FALSE,473.44063090786,9,NA,NA,"scholarRefs",1.94059405940594,1.11756349715679,0.99925806285002,0.346203271514843,1.09269386684859,-0.206153613336405,0,0.0624567385243114
"259",FALSE,TRUE,FALSE,FALSE,FALSE,501.38648249923,9,0.094714248384361,1,"colonySize",1.91276300351775,NA,1.38986765378395,NA,NA,NA,27.9458515913693,5.33598662871542e-08
"260",FALSE,FALSE,TRUE,FALSE,FALSE,522.280545127747,9,0.0314616565339621,1,"mass",1.93608480745715,NA,NA,0.164524386674176,NA,NA,48.8399142198862,1.54926846345938e-12
"261",FALSE,FALSE,FALSE,TRUE,FALSE,473.44063090786,9,NA,NA,"distrSize",1.94059405940594,1.11756349715679,0.99925806285002,0.346203271514843,1.09269386684859,-0.206153613336405,0,0.0624567385243114
"262",FALSE,FALSE,FALSE,FALSE,TRUE,522.245577817187,9,-6.15334648886284e-04,1,"rand",1.94060979891693,NA,NA,NA,NA,-0.102440023163012,48.8049469093269,1.57659351404007e-12
"263",TRUE,TRUE,FALSE,FALSE,FALSE,483.87985128887,9,0.105418903315811,1,"scholarRefs + colonySize",1.88132064168639,1.19837605250599,1.14369313241574,NA,NA,NA,10.43922038101,3.37855815104173e-04
"264",TRUE,FALSE,TRUE,FALSE,FALSE,499.84375867073,9,0.0793383998374127,1,"scholarRefs + mass",1.94701434522982,1.44788361492553,NA,0.439877058843556,NA,NA,26.4031277628692,1.15401899028486e-07
"265",TRUE,FALSE,FALSE,TRUE,FALSE,490.755903215337,9,0.0621870823658104,1,"scholarRefs + distrSize",1.7564116940373,1.31652619036819,NA,NA,0.947498904059705,NA,17.315272307477,1.08546467338445e-05
"266",TRUE,FALSE,FALSE,FALSE,TRUE,473.44063090786,9,NA,NA,"scholarRefs + rand",1.94059405940594,1.11756349715679,0.99925806285002,0.346203271514843,1.09269386684859,-0.206153613336405,0,0.0624567385243114
"267",FALSE,TRUE,TRUE,FALSE,FALSE,503.421634835548,9,0.0784511632014985,1,"colonySize + mass",1.8935915410316,NA,1.40426419800033,-0.136420713084538,NA,NA,29.9810039276879,1.92879920283315e-08
"268",FALSE,TRUE,FALSE,TRUE,FALSE,473.44063090786,9,NA,NA,"colonySize + distrSize",1.94059405940594,1.11756349715679,0.99925806285002,0.346203271514843,1.09269386684859,-0.206153613336405,0,0.0624567385243114
"269",FALSE,TRUE,FALSE,FALSE,TRUE,503.388270267991,9,0.102498986501038,1,"colonySize + rand",1.90311795315221,NA,1.40295366781632,NA,NA,0.099725436466682,29.9476393601304,1.96124586824204e-08
"270",FALSE,FALSE,TRUE,TRUE,FALSE,473.44063090786,9,NA,NA,"mass + distrSize",1.94059405940594,1.11756349715679,0.99925806285002,0.346203271514843,1.09269386684859,-0.206153613336405,0,0.0624567385243114
"271",FALSE,FALSE,TRUE,FALSE,TRUE,524.353109669182,9,0.0216302265594874,1,"mass + rand",1.93861709297333,NA,NA,0.122815035012416,NA,-0.0758499917855244,50.9124787613213,5.4963579541627e-13
"272",FALSE,FALSE,FALSE,TRUE,TRUE,473.44063090786,9,NA,NA,"distrSize + rand",1.94059405940594,1.11756349715679,0.99925806285002,0.346203271514843,1.09269386684859,-0.206153613336405,0,0.0624567385243114
"273",TRUE,TRUE,TRUE,FALSE,FALSE,485.959895792163,9,0.120340592781049,1,"scholarRefs + colonySize + mass",1.904378335967,1.20730766749932,1.12736645956661,0.122413644715349,NA,NA,12.519264884303,1.19414062486505e-04
"274",TRUE,TRUE,FALSE,TRUE,FALSE,473.44063090786,9,NA,NA,"scholarRefs + colonySize + distrSize",1.94059405940594,1.11756349715679,0.99925806285002,0.346203271514843,1.09269386684859,-0.206153613336405,0,0.0624567385243114
"275",TRUE,TRUE,FALSE,FALSE,TRUE,485.352840543932,9,0.130296534106682,1,"scholarRefs + colonySize + rand",1.85305683446512,1.21765766262331,1.16774640562713,NA,NA,0.215707924283501,11.9122096360715,1.61761753348127e-04
"276",TRUE,FALSE,TRUE,TRUE,FALSE,473.44063090786,9,NA,NA,"scholarRefs + mass + distrSize",1.94059405940594,1.11756349715679,0.99925806285002,0.346203271514843,1.09269386684859,-0.206153613336405,0,0.0624567385243114
"277",TRUE,FALSE,TRUE,FALSE,TRUE,501.799387804484,9,0.0938507627154813,1,"scholarRefs + mass + rand",1.94244102876184,1.46281036044724,NA,0.470698231997939,NA,0.12940739505797,28.3587568966235,4.34063716748154e-08
"278",TRUE,FALSE,FALSE,TRUE,TRUE,492.549800834322,9,0.0834823084503414,1,"scholarRefs + distrSize + rand",1.71109633793848,1.33927071442151,NA,NA,0.974746429484839,0.16437698282449,19.1091699264613,4.42665601538014e-06
"279",FALSE,TRUE,TRUE,TRUE,FALSE,473.44063090786,9,NA,NA,"colonySize + mass + distrSize",1.94059405940594,1.11756349715679,0.99925806285002,0.346203271514843,1.09269386684859,-0.206153613336405,0,0.0624567385243114
"280",FALSE,TRUE,TRUE,FALSE,TRUE,505.49155235034,9,0.0880323304810071,1,"colonySize + mass + rand",1.88602034408494,NA,1.41432590517435,-0.117885137025347,NA,0.090686996634649,32.0509214424796,6.85188618733569e-09
"281",FALSE,TRUE,FALSE,TRUE,TRUE,473.44063090786,9,NA,NA,"colonySize + distrSize + rand",1.94059405940594,1.11756349715679,0.99925806285002,0.346203271514843,1.09269386684859,-0.206153613336405,0,0.0624567385243114
"282",FALSE,FALSE,TRUE,TRUE,TRUE,473.44063090786,9,NA,NA,"mass + distrSize + rand",1.94059405940594,1.11756349715679,0.99925806285002,0.346203271514843,1.09269386684859,-0.206153613336405,0,0.0624567385243114
"283",TRUE,TRUE,TRUE,TRUE,FALSE,473.44063090786,9,NA,NA,"scholarRefs + colonySize + mass + distrSize",1.94059405940594,1.11756349715679,0.99925806285002,0.346203271514843,1.09269386684859,-0.206153613336405,0,0.0624567385243114
"284",TRUE,TRUE,TRUE,FALSE,TRUE,487.417601974907,9,0.150377116899316,1,"scholarRefs + colonySize + mass + rand",1.88697517623203,1.22932820725994,1.14775580175727,0.162168621421975,NA,0.225091978060176,13.9769710670468,5.76127489368777e-05
"285",TRUE,TRUE,FALSE,TRUE,TRUE,473.44063090786,9,NA,NA,"scholarRefs + colonySize + distrSize + rand",1.94059405940594,1.11756349715679,0.99925806285002,0.346203271514843,1.09269386684859,-0.206153613336405,0,0.0624567385243114
"286",TRUE,FALSE,TRUE,TRUE,TRUE,473.44063090786,9,NA,NA,"scholarRefs + mass + distrSize + rand",1.94059405940594,1.11756349715679,0.99925806285002,0.346203271514843,1.09269386684859,-0.206153613336405,0,0.0624567385243114
"287",FALSE,TRUE,TRUE,TRUE,TRUE,473.44063090786,9,NA,NA,"colonySize + mass + distrSize + rand",1.94059405940594,1.11756349715679,0.99925806285002,0.346203271514843,1.09269386684859,-0.206153613336405,0,0.0624567385243114
"288",TRUE,TRUE,TRUE,TRUE,TRUE,473.44063090786,9,NA,NA,"scholarRefs + colonySize + mass + distrSize + rand",1.94059405940594,1.11756349715679,0.99925806285002,0.346203271514843,1.09269386684859,-0.206153613336405,0,0.0624567385243114
"289",FALSE,FALSE,FALSE,FALSE,FALSE,520.265320289691,10,0.00464527815230029,1,"1",1.93918011339344,NA,NA,NA,NA,NA,46.8246893818308,3.98747089693863e-12
"290",TRUE,FALSE,FALSE,FALSE,FALSE,473.44063090786,10,NA,NA,"scholarRefs",1.94059405940594,1.11756349715679,0.99925806285002,0.346203271514843,1.09269386684859,-0.206153613336405,0,0.0586880438309091
"291",FALSE,TRUE,FALSE,FALSE,FALSE,501.38648249923,10,0.094714248384361,1,"colonySize",1.91276300351775,NA,1.38986765378395,NA,NA,NA,27.9458515913693,5.01400848885662e-08
"292",FALSE,FALSE,TRUE,FALSE,FALSE,522.280545127747,10,0.0314616565339621,1,"mass",1.93608480745715,NA,NA,0.164524386674176,NA,NA,48.8399142198862,1.45578423782018e-12
"293",FALSE,FALSE,FALSE,TRUE,FALSE,473.44063090786,10,NA,NA,"distrSize",1.94059405940594,1.11756349715679,0.99925806285002,0.346203271514843,1.09269386684859,-0.206153613336405,0,0.0586880438309091
"294",FALSE,FALSE,FALSE,FALSE,TRUE,519.871443365682,10,0.0243423895356318,1,"rand",1.92784158447826,NA,NA,NA,NA,0.490091701089095,46.4308124578213,4.85542012022102e-12
"295",TRUE,TRUE,FALSE,FALSE,FALSE,483.87985128887,10,0.105418903315811,1,"scholarRefs + colonySize",1.88132064168639,1.19837605250599,1.14369313241574,NA,NA,NA,10.43922038101,3.17469297210309e-04
"296",TRUE,FALSE,TRUE,FALSE,FALSE,499.84375867073,10,0.0793383998374127,1,"scholarRefs + mass",1.94701434522982,1.44788361492553,NA,0.439877058843556,NA,NA,26.4031277628692,1.08438446649238e-07
"297",TRUE,FALSE,FALSE,TRUE,FALSE,490.755903215337,10,0.0621870823658104,1,"scholarRefs + distrSize",1.7564116940373,1.31652619036819,NA,NA,0.947498904059705,NA,17.315272307477,1.01996677754303e-05
"298",TRUE,FALSE,FALSE,FALSE,TRUE,473.44063090786,10,NA,NA,"scholarRefs + rand",1.94059405940594,1.11756349715679,0.99925806285002,0.346203271514843,1.09269386684859,-0.206153613336405,0,0.0586880438309091
"299",FALSE,TRUE,TRUE,FALSE,FALSE,503.421634835548,10,0.0784511632014985,1,"colonySize + mass",1.8935915410316,NA,1.40426419800033,-0.136420713084538,NA,NA,29.9810039276879,1.81241375760971e-08
"300",FALSE,TRUE,FALSE,TRUE,FALSE,473.44063090786,10,NA,NA,"colonySize + distrSize",1.94059405940594,1.11756349715679,0.99925806285002,0.346203271514843,1.09269386684859,-0.206153613336405,0,0.0586880438309091
"301",FALSE,TRUE,FALSE,FALSE,TRUE,498.50393410905,10,0.118413631455784,1,"colonySize + rand",1.91636990058978,NA,1.44445082357258,NA,NA,0.615283279203934,25.0633032011895,2.11895871290608e-07
"302",FALSE,FALSE,TRUE,TRUE,FALSE,473.44063090786,10,NA,NA,"mass + distrSize",1.94059405940594,1.11756349715679,0.99925806285002,0.346203271514843,1.09269386684859,-0.206153613336405,0,0.0586880438309091
"303",FALSE,FALSE,TRUE,FALSE,TRUE,473.44063090786,10,NA,NA,"mass + rand",1.94059405940594,1.11756349715679,0.99925806285002,0.346203271514843,1.09269386684859,-0.206153613336405,0,0.0586880438309091
"304",FALSE,FALSE,FALSE,TRUE,TRUE,473.44063090786,10,NA,NA,"distrSize + rand",1.94059405940594,1.11756349715679,0.99925806285002,0.346203271514843,1.09269386684859,-0.206153613336405,0,0.0586880438309091
"305",TRUE,TRUE,TRUE,FALSE,FALSE,485.959895792163,10,0.120340592781049,1,"scholarRefs + colonySize + mass",1.904378335967,1.20730766749932,1.12736645956661,0.122413644715349,NA,NA,12.519264884303,1.12208512625215e-04
"306",TRUE,TRUE,FALSE,TRUE,FALSE,473.44063090786,10,NA,NA,"scholarRefs + colonySize + distrSize",1.94059405940594,1.11756349715679,0.99925806285002,0.346203271514843,1.09269386684859,-0.206153613336405,0,0.0586880438309091
"307",TRUE,TRUE,FALSE,FALSE,TRUE,480.94719669324,10,0.123142326136557,1,"scholarRefs + colonySize + rand",1.88895037309499,1.17130183354966,1.19420968561921,NA,NA,0.56161834331861,7.50656578537973,0.00137568684603939
"308",TRUE,FALSE,TRUE,TRUE,FALSE,473.44063090786,10,NA,NA,"scholarRefs + mass + distrSize",1.94059405940594,1.11756349715679,0.99925806285002,0.346203271514843,1.09269386684859,-0.206153613336405,0,0.0586880438309091
"309",TRUE,FALSE,TRUE,FALSE,TRUE,499.514653633394,10,0.0764466496981776,1,"scholarRefs + mass + rand",1.93558173183157,1.43163575874581,NA,0.337652069038806,NA,0.433331977298505,26.074022725534,1.27834341499751e-07
"310",TRUE,FALSE,FALSE,TRUE,TRUE,488.528667099173,10,0.0265226355065705,1,"scholarRefs + distrSize + rand",1.848894713422,1.28747515628325,NA,NA,0.954549411484007,0.548155274533263,15.0880361913128,3.10616272476085e-05
"311",FALSE,TRUE,TRUE,TRUE,FALSE,473.44063090786,10,NA,NA,"colonySize + mass + distrSize",1.94059405940594,1.11756349715679,0.99925806285002,0.346203271514843,1.09269386684859,-0.206153613336405,0,0.0586880438309091
"312",FALSE,TRUE,TRUE,FALSE,TRUE,500.266496830394,10,0.0836679049037219,1,"colonySize + mass + rand",1.8715242575624,NA,1.47730590141334,-0.289745210609491,NA,0.64235140747371,26.8258659225336,8.77782387924896e-08
"313",FALSE,TRUE,FALSE,TRUE,TRUE,473.44063090786,10,NA,NA,"colonySize + distrSize + rand",1.94059405940594,1.11756349715679,0.99925806285002,0.346203271514843,1.09269386684859,-0.206153613336405,0,0.0586880438309091
"314",FALSE,FALSE,TRUE,TRUE,TRUE,473.44063090786,10,NA,NA,"mass + distrSize + rand",1.94059405940594,1.11756349715679,0.99925806285002,0.346203271514843,1.09269386684859,-0.206153613336405,0,0.0586880438309091
"315",TRUE,TRUE,TRUE,TRUE,FALSE,473.44063090786,10,NA,NA,"scholarRefs + colonySize + mass + distrSize",1.94059405940594,1.11756349715679,0.99925806285002,0.346203271514843,1.09269386684859,-0.206153613336405,0,0.0586880438309091
"316",TRUE,TRUE,TRUE,FALSE,TRUE,483.155519553583,10,0.118770192716746,1,"scholarRefs + colonySize + mass + rand",1.88273042904637,1.16894089705552,1.19877263206202,-0.033474853160831,NA,0.56523460350136,9.71488864572285,4.56024702228378e-04
"317",TRUE,TRUE,FALSE,TRUE,TRUE,473.44063090786,10,NA,NA,"scholarRefs + colonySize + distrSize + rand",1.94059405940594,1.11756349715679,0.99925806285002,0.346203271514843,1.09269386684859,-0.206153613336405,0,0.0586880438309091
"318",TRUE,FALSE,TRUE,TRUE,TRUE,473.44063090786,10,NA,NA,"scholarRefs + mass + distrSize + rand",1.94059405940594,1.11756349715679,0.99925806285002,0.346203271514843,1.09269386684859,-0.206153613336405,0,0.0586880438309091
"319",FALSE,TRUE,TRUE,TRUE,TRUE,473.44063090786,10,NA,NA,"colonySize + mass + distrSize + rand",1.94059405940594,1.11756349715679,0.99925806285002,0.346203271514843,1.09269386684859,-0.206153613336405,0,0.0586880438309091
"320",TRUE,TRUE,TRUE,TRUE,TRUE,473.44063090786,10,NA,NA,"scholarRefs + colonySize + mass + distrSize + rand",1.94059405940594,1.11756349715679,0.99925806285002,0.346203271514843,1.09269386684859,-0.206153613336405,0,0.0586880438309091
"321",FALSE,FALSE,FALSE,FALSE,FALSE,520.265320289691,11,0.00464527815230029,1,"1",1.93918011339344,NA,NA,NA,NA,NA,65.2608420449591,6.73262923196994e-15
"322",TRUE,FALSE,FALSE,FALSE,FALSE,473.44063090786,11,NA,NA,"scholarRefs",1.94059405940594,1.11756349715679,0.99925806285002,0.346203271514843,1.09269386684859,-0.206153613336405,18.4361526631283,9.90915920581307e-05
"323",FALSE,TRUE,FALSE,FALSE,FALSE,501.38648249923,11,0.094714248384361,1,"colonySize",1.91276300351775,NA,1.38986765378395,NA,NA,NA,46.3820042544976,8.46588250897045e-11
"324",FALSE,FALSE,TRUE,FALSE,FALSE,522.280545127747,11,0.0314616565339621,1,"mass",1.93608480745715,NA,NA,0.164524386674176,NA,NA,67.2760668830146,2.45801305346557e-15
"325",FALSE,FALSE,FALSE,TRUE,FALSE,473.44063090786,11,NA,NA,"distrSize",1.94059405940594,1.11756349715679,0.99925806285002,0.346203271514843,1.09269386684859,-0.206153613336405,18.4361526631283,9.90915920581307e-05
"326",FALSE,FALSE,FALSE,FALSE,TRUE,519.154321631401,11,0.018045456039673,1,"rand",1.92449476613411,NA,NA,NA,NA,-0.548206299406947,64.1498433866693,1.17337003104628e-14
"327",TRUE,TRUE,FALSE,FALSE,FALSE,483.87985128887,11,0.105418903315811,1,"scholarRefs + colonySize",1.88132064168639,1.19837605250599,1.14369313241574,NA,NA,NA,28.8753730441384,5.36029760691687e-07
"328",TRUE,FALSE,TRUE,FALSE,FALSE,499.84375867073,11,0.0793383998374127,1,"scholarRefs + mass",1.94701434522982,1.44788361492553,NA,0.439877058843556,NA,NA,44.8392804259975,1.83092460020356e-10
"329",TRUE,FALSE,FALSE,TRUE,FALSE,490.755903215337,11,0.0621870823658104,1,"scholarRefs + distrSize",1.7564116940373,1.31652619036819,NA,NA,0.947498904059705,NA,35.7514249706053,1.72215881184151e-08
"330",TRUE,FALSE,FALSE,FALSE,TRUE,497.755260312989,11,0.0633207786079748,1,"scholarRefs + rand",1.8507331992047,1.40000991865383,NA,NA,NA,-0.496255717412307,42.7507820682569,5.20214096110858e-10
"331",FALSE,TRUE,TRUE,FALSE,FALSE,503.421634835548,11,0.0784511632014985,1,"colonySize + mass",1.8935915410316,NA,1.40426419800033,-0.136420713084538,NA,NA,48.4171565908162,3.06016273479912e-11
"332",FALSE,TRUE,FALSE,TRUE,FALSE,473.44063090786,11,NA,NA,"colonySize + distrSize",1.94059405940594,1.11756349715679,0.99925806285002,0.346203271514843,1.09269386684859,-0.206153613336405,18.4361526631283,9.90915920581307e-05
"333",FALSE,TRUE,FALSE,FALSE,TRUE,501.959742220864,11,0.106403565732642,1,"colonySize + rand",1.89495366041401,NA,1.33186496694392,NA,NA,-0.34619865019783,46.9552639761318,6.35609632288983e-11
"334",FALSE,FALSE,TRUE,TRUE,FALSE,473.44063090786,11,NA,NA,"mass + distrSize",1.94059405940594,1.11756349715679,0.99925806285002,0.346203271514843,1.09269386684859,-0.206153613336405,18.4361526631283,9.90915920581307e-05
"335",FALSE,FALSE,TRUE,FALSE,TRUE,521.028403676982,11,0.0620340318428706,1,"mass + rand",1.92181308801349,NA,NA,0.261786818736552,NA,-0.561797629764035,66.0239254322503,4.59709253988452e-15
"336",FALSE,FALSE,FALSE,TRUE,TRUE,473.44063090786,11,NA,NA,"distrSize + rand",1.94059405940594,1.11756349715679,0.99925806285002,0.346203271514843,1.09269386684859,-0.206153613336405,18.4361526631283,9.90915920581307e-05
"337",TRUE,TRUE,TRUE,FALSE,FALSE,485.959895792163,11,0.120340592781049,1,"scholarRefs + colonySize + mass",1.904378335967,1.20730766749932,1.12736645956661,0.122413644715349,NA,NA,30.9554175474313,1.89458012786097e-07
"338",TRUE,TRUE,FALSE,TRUE,FALSE,473.44063090786,11,NA,NA,"scholarRefs + colonySize + distrSize",1.94059405940594,1.11756349715679,0.99925806285002,0.346203271514843,1.09269386684859,-0.206153613336405,18.4361526631283,9.90915920581307e-05
"339",TRUE,TRUE,FALSE,FALSE,TRUE,484.243448135179,11,0.132077123798162,1,"scholarRefs + colonySize + rand",1.85246331367208,1.19576861931118,1.08961590640791,NA,NA,-0.340624630898346,29.2389698904465,4.46925207709653e-07
"340",TRUE,FALSE,TRUE,TRUE,FALSE,473.44063090786,11,NA,NA,"scholarRefs + mass + distrSize",1.94059405940594,1.11756349715679,0.99925806285002,0.346203271514843,1.09269386684859,-0.206153613336405,18.4361526631283,9.90915920581307e-05
"341",TRUE,FALSE,TRUE,FALSE,TRUE,498.404133648106,11,0.135235588033424,1,"scholarRefs + mass + rand",1.93369518325071,1.42821919591222,NA,0.519051490689984,NA,-0.515412729357594,43.3996554033735,3.76080712994437e-10
"342",TRUE,FALSE,FALSE,TRUE,TRUE,489.533538694231,11,0.120234259978149,1,"scholarRefs + distrSize + rand",1.6616261507595,1.31188495965316,NA,NA,0.96481487818488,-0.478879624841375,34.5290604494991,3.17326455968936e-08
"343",FALSE,TRUE,TRUE,TRUE,FALSE,473.44063090786,11,NA,NA,"colonySize + mass + distrSize",1.94059405940594,1.11756349715679,0.99925806285002,0.346203271514843,1.09269386684859,-0.206153613336405,18.4361526631283,9.90915920581307e-05
"344",FALSE,TRUE,TRUE,FALSE,TRUE,504.091752178738,11,0.0958882388390796,1,"colonySize + mass + rand",1.88093666578229,NA,1.34217524925095,-0.0875335607686135,NA,-0.342044554697934,49.0872739340061,2.18892252329538e-11
"345",FALSE,TRUE,FALSE,TRUE,TRUE,473.44063090786,11,NA,NA,"colonySize + distrSize + rand",1.94059405940594,1.11756349715679,0.99925806285002,0.346203271514843,1.09269386684859,-0.206153613336405,18.4361526631283,9.90915920581307e-05
"346",FALSE,FALSE,TRUE,TRUE,TRUE,473.44063090786,11,NA,NA,"mass + distrSize + rand",1.94059405940594,1.11756349715679,0.99925806285002,0.346203271514843,1.09269386684859,-0.206153613336405,18.4361526631283,9.90915920581307e-05
"347",TRUE,TRUE,TRUE,TRUE,FALSE,473.44063090786,11,NA,NA,"scholarRefs + colonySize + mass + distrSize",1.94059405940594,1.11756349715679,0.99925806285002,0.346203271514843,1.09269386684859,-0.206153613336405,18.4361526631283,9.90915920581307e-05
"348",TRUE,TRUE,TRUE,FALSE,TRUE,486.277460932475,11,0.153664360253243,1,"scholarRefs + colonySize + mass + rand",1.89149363715295,1.20811063009084,1.06445286214041,0.176676260760544,NA,-0.349140198806495,31.2729826877427,1.6164213708817e-07
"349",TRUE,TRUE,FALSE,TRUE,TRUE,455.004478244732,11,-0.0810268144143999,1,"scholarRefs + colonySize + distrSize + rand",1.95192160893736,1.08021259040036,1.05738975931217,NA,1.11701945120363,-0.239987297986129,0,0.998611333421711
"350",TRUE,FALSE,TRUE,TRUE,TRUE,473.44063090786,11,NA,NA,"scholarRefs + mass + distrSize + rand",1.94059405940594,1.11756349715679,0.99925806285002,0.346203271514843,1.09269386684859,-0.206153613336405,18.4361526631283,9.90915920581307e-05
"351",FALSE,TRUE,TRUE,TRUE,TRUE,473.44063090786,11,NA,NA,"colonySize + mass + distrSize + rand",1.94059405940594,1.11756349715679,0.99925806285002,0.346203271514843,1.09269386684859,-0.206153613336405,18.4361526631283,9.90915920581307e-05
"352",TRUE,TRUE,TRUE,TRUE,TRUE,473.44063090786,11,NA,NA,"scholarRefs + colonySize + mass + distrSize + rand",1.94059405940594,1.11756349715679,0.99925806285002,0.346203271514843,1.09269386684859,-0.206153613336405,18.4361526631283,9.90915920581307e-05
"353",FALSE,FALSE,FALSE,FALSE,FALSE,520.265320289691,12,0.00464527815230029,1,"1",1.93918011339344,NA,NA,NA,NA,NA,47.3291885057183,4.43882371581200e-12
"354",TRUE,FALSE,FALSE,FALSE,FALSE,473.44063090786,12,NA,NA,"scholarRefs",1.94059405940594,1.11756349715679,0.99925806285002,0.346203271514843,1.09269386684859,-0.206153613336405,0.50449912388757,0.0653311052354655
"355",FALSE,TRUE,FALSE,FALSE,FALSE,501.38648249923,12,0.094714248384361,1,"colonySize",1.91276300351775,NA,1.38986765378395,NA,NA,NA,28.4503507152568,5.581557926531e-08
"356",FALSE,FALSE,TRUE,FALSE,FALSE,522.280545127747,12,0.0314616565339621,1,"mass",1.93608480745715,NA,NA,0.164524386674176,NA,NA,49.3444133437738,1.62056846732165e-12
"357",FALSE,FALSE,FALSE,TRUE,FALSE,473.44063090786,12,NA,NA,"distrSize",1.94059405940594,1.11756349715679,0.99925806285002,0.346203271514843,1.09269386684859,-0.206153613336405,0.50449912388757,0.0653311052354655
"358",FALSE,FALSE,FALSE,FALSE,TRUE,520.761040418226,12,0.0266090441506534,1,"rand",1.92090163527943,NA,NA,NA,NA,0.398264358059508,47.8249086342537,3.46436497762437e-12
"359",TRUE,TRUE,FALSE,FALSE,FALSE,483.87985128887,12,0.105418903315811,1,"scholarRefs + colonySize",1.88132064168639,1.19837605250599,1.14369313241574,NA,NA,NA,10.9437195048976,3.534045217938e-04
"360",TRUE,FALSE,TRUE,FALSE,FALSE,499.84375867073,12,0.0793383998374127,1,"scholarRefs + mass",1.94701434522982,1.44788361492553,NA,0.439877058843556,NA,NA,26.9076268867568,1.20712893243183e-07
"361",TRUE,FALSE,FALSE,TRUE,FALSE,490.755903215337,12,0.0621870823658104,1,"scholarRefs + distrSize",1.7564116940373,1.31652619036819,NA,NA,0.947498904059705,NA,17.8197714313646,1.13541962775811e-05
"362",TRUE,FALSE,FALSE,FALSE,TRUE,496.96728319627,12,0.0497229456692345,1,"scholarRefs + rand",1.87933512532278,1.47361698233021,NA,NA,NA,0.55075743415509,24.031151412297,5.08595334742243e-07
"363",FALSE,TRUE,TRUE,FALSE,FALSE,503.421634835548,12,0.0784511632014985,1,"colonySize + mass",1.8935915410316,NA,1.40426419800033,-0.136420713084538,NA,NA,30.4855030515754,2.01756586520003e-08
"364",FALSE,TRUE,FALSE,TRUE,FALSE,473.44063090786,12,NA,NA,"colonySize + distrSize",1.94059405940594,1.11756349715679,0.99925806285002,0.346203271514843,1.09269386684859,-0.206153613336405,0.50449912388757,0.0653311052354655
"365",FALSE,TRUE,FALSE,FALSE,TRUE,502.262778814336,12,0.10753376972273,1,"colonySize + rand",1.90382888747107,NA,1.36629162513253,NA,NA,0.311495906576917,29.3266470303629,3.60138962589898e-08
"366",FALSE,FALSE,TRUE,TRUE,FALSE,473.44063090786,12,NA,NA,"mass + distrSize",1.94059405940594,1.11756349715679,0.99925806285002,0.346203271514843,1.09269386684859,-0.206153613336405,0.50449912388757,0.0653311052354655
"367",FALSE,FALSE,TRUE,FALSE,TRUE,522.715568262107,12,0.0562825982817588,1,"mass + rand",1.92661661964197,NA,NA,0.210516693315919,NA,0.405412323968929,49.7794364781345,1.30377698651214e-12
"368",FALSE,FALSE,FALSE,TRUE,TRUE,473.44063090786,12,NA,NA,"distrSize + rand",1.94059405940594,1.11756349715679,0.99925806285002,0.346203271514843,1.09269386684859,-0.206153613336405,0.50449912388757,0.0653311052354655
"369",TRUE,TRUE,TRUE,FALSE,FALSE,485.959895792163,12,0.120340592781049,1,"scholarRefs + colonySize + mass",1.904378335967,1.20730766749932,1.12736645956661,0.122413644715349,NA,NA,13.0237640081905,1.24909703375939e-04
"370",TRUE,TRUE,FALSE,TRUE,FALSE,473.44063090786,12,NA,NA,"scholarRefs + colonySize + distrSize",1.94059405940594,1.11756349715679,0.99925806285002,0.346203271514843,1.09269386684859,-0.206153613336405,0.50449912388757,0.0653311052354655
"371",TRUE,TRUE,FALSE,FALSE,TRUE,482.929779712365,12,0.124835206133997,1,"scholarRefs + colonySize + rand",1.86720865432382,1.24689620772729,1.0964455418535,NA,NA,0.445285295349617,9.99364792839214,5.68299826593996e-04
"372",TRUE,FALSE,TRUE,TRUE,FALSE,473.44063090786,12,NA,NA,"scholarRefs + mass + distrSize",1.94059405940594,1.11756349715679,0.99925806285002,0.346203271514843,1.09269386684859,-0.206153613336405,0.50449912388757,0.0653311052354655
"373",TRUE,FALSE,TRUE,FALSE,TRUE,498.023035168421,12,0.104395168718683,1,"scholarRefs + mass + rand",1.93585497043705,1.49443613148568,NA,0.43031670560706,NA,0.542559615449615,25.0869033844484,2.99998265845938e-07
"374",TRUE,FALSE,FALSE,TRUE,TRUE,488.527738234254,12,0.0961383710436856,1,"scholarRefs + distrSize + rand",1.70502322543043,1.3748598302139,NA,NA,0.960950904232377,0.543897987409595,15.5916064502812,3.45936411100644e-05
"375",FALSE,TRUE,TRUE,TRUE,FALSE,473.44063090786,12,NA,NA,"colonySize + mass + distrSize",1.94059405940594,1.11756349715679,0.99925806285002,0.346203271514843,1.09269386684859,-0.206153613336405,0.50449912388757,0.0653311052354655
"376",FALSE,TRUE,TRUE,FALSE,TRUE,504.346551482137,12,0.0931707442546884,1,"colonySize + mass + rand",1.88183751477593,NA,1.38099103467787,-0.131253582204707,NA,0.311677699190464,31.4104196981647,1.27052912082344e-08
"377",FALSE,TRUE,FALSE,TRUE,TRUE,473.44063090786,12,NA,NA,"colonySize + distrSize + rand",1.94059405940594,1.11756349715679,0.99925806285002,0.346203271514843,1.09269386684859,-0.206153613336405,0.50449912388757,0.0653311052354655
"378",FALSE,FALSE,TRUE,TRUE,TRUE,473.44063090786,12,NA,NA,"mass + distrSize + rand",1.94059405940594,1.11756349715679,0.99925806285002,0.346203271514843,1.09269386684859,-0.206153613336405,0.50449912388757,0.0653311052354655
"379",TRUE,TRUE,TRUE,TRUE,FALSE,473.44063090786,12,NA,NA,"scholarRefs + colonySize + mass + distrSize",1.94059405940594,1.11756349715679,0.99925806285002,0.346203271514843,1.09269386684859,-0.206153613336405,0.50449912388757,0.0653311052354655
"380",TRUE,TRUE,TRUE,FALSE,TRUE,485.067129094974,12,0.136416059076268,1,"scholarRefs + colonySize + mass + rand",1.8917727595987,1.25409953458876,1.08110880836148,0.112065706618622,NA,0.443558675523702,12.1309973110016,1.95190196889948e-04
"381",TRUE,TRUE,FALSE,TRUE,TRUE,472.936131783973,12,0.0497549175228316,1,"scholarRefs + colonySize + distrSize + rand",1.83830923548868,1.13666015925106,1.07337953476907,NA,0.940976610055725,0.409275130450246,0,0.0840757205896952
"382",TRUE,FALSE,TRUE,TRUE,TRUE,473.44063090786,12,NA,NA,"scholarRefs + mass + distrSize + rand",1.94059405940594,1.11756349715679,0.99925806285002,0.346203271514843,1.09269386684859,-0.206153613336405,0.50449912388757,0.0653311052354655
"383",FALSE,TRUE,TRUE,TRUE,TRUE,473.44063090786,12,NA,NA,"colonySize + mass + distrSize + rand",1.94059405940594,1.11756349715679,0.99925806285002,0.346203271514843,1.09269386684859,-0.206153613336405,0.50449912388757,0.0653311052354655
"384",TRUE,TRUE,TRUE,TRUE,TRUE,473.44063090786,12,NA,NA,"scholarRefs + colonySize + mass + distrSize + rand",1.94059405940594,1.11756349715679,0.99925806285002,0.346203271514843,1.09269386684859,-0.206153613336405,0.50449912388757,0.0653311052354655
